algorithm,suite,fn_id,dim,num_runs,pop_size,max_iter,fes_per_run_nominal,mean_error,std_error,min_error,median_error,max_error,logscore,mean_fitness,std_fitness,min_fitness,median_fitness,max_fitness,elapsed_sec
MVDO,CEC2017,1,30,30,30,1000,30000,22164778.393202085,6974528.736042246,12359564.260930495,21328792.422456875,44949998.8584511,7.325919227976525,22164878.393202085,6974528.736042246,12359664.260930495,21328892.422456875,44950098.8584511,2.094146966934204
MVDO,CEC2017,3,30,30,30,1000,30000,4395.508474927471,1930.2610281865293,1557.9927618516774,4456.724226909108,8064.727050926078,3.5940266716261977,4695.508474927471,1930.2610281865293,1857.9927618516772,4756.724226909108,8364.727050926078,2.0163042545318604
MVDO,CEC2017,4,30,30,30,1000,30000,100.71772863640562,15.934092068060428,65.66223346541557,95.11952983182157,145.92596095329782,1.997673995836144,500.7177286364056,15.93409206806043,465.6622334654156,495.1195298318215,545.9259609532978,2.105768918991089
MVDO,CEC2017,5,30,30,30,1000,30000,62.07641623593901,22.710297874923256,29.433241933507247,61.44144542226502,116.7384723612438,1.7637926888203257,562.076416235939,22.710297874923256,529.4332419335072,561.441445422265,616.7384723612438,2.4772300720214844
MVDO,CEC2017,6,30,30,30,1000,30000,15.30581315445542,4.960328400364452,6.728036937630918,16.057028409825705,28.929360080535616,1.1602290895260634,615.3058131544553,4.960328400364451,606.7280369376309,616.0570284098258,628.9293600805356,2.691429853439331
MVDO,CEC2017,7,30,30,30,1000,30000,127.11102468529816,22.870419308009925,81.11975125123729,123.0241991066154,201.08778091667705,2.097480792949141,827.1110246852982,22.870419308009925,781.1197512512373,823.0241991066155,901.087780916677,2.684274196624756
MVDO,CEC2017,8,30,30,30,1000,30000,62.80471509982692,17.907838653742203,31.09678756534049,60.95418015204501,103.81388118335929,1.7798117422136397,862.8047150998269,17.907838653742203,831.0967875653405,860.954180152045,903.8138811833592,2.613011598587036
MVDO,CEC2017,9,30,30,30,1000,30000,163.94013917303195,139.48027186138842,12.375718285944458,116.86443923117452,654.2544773703576,2.0869997865582004,1063.940139173032,139.48027186138842,912.3757182859443,1016.8644392311744,1554.2544773703576,2.643532514572144
MVDO,CEC2017,10,30,30,30,1000,30000,3404.2777459176664,626.1029148803177,2289.5870472613788,3336.498370403374,4683.796254089721,3.524530191930571,4404.277745917667,626.1029148803177,3289.5870472613788,4336.498370403374,5683.796254089721,4.390422821044922
MVDO,CEC2017,11,30,30,30,1000,30000,213.46044087113984,67.03852520227811,71.81562140243818,232.4143034820212,394.4541277273963,2.304074127127085,1313.4604408711398,67.03852520227811,1171.8156214024382,1332.4143034820213,1494.4541277273963,2.4834625720977783
MVDO,CEC2017,12,30,30,30,1000,30000,186971958.3892764,139488674.41248912,48000909.28377263,137065806.2203842,571815492.7884585,8.165269579947624,186973158.3892764,139488674.41248912,48002109.28377263,137067006.2203842,571816692.7884585,2.8813717365264893
MVDO,CEC2017,13,30,30,30,1000,30000,310649.91607067094,108250.45073703496,97076.12034949772,308799.2932886461,568546.3767280468,5.463195786813312,311949.91607067094,108250.45073703496,98376.12034949772,310099.2932886461,569846.3767280468,2.5368592739105225
MVDO,CEC2017,14,30,30,30,1000,30000,15398.196435319833,25030.75418206982,852.6855022784953,6882.503767927591,126842.34408852318,3.8520468731231694,16798.19643531983,25030.75418206982,2252.6855022784957,8282.503767927592,128242.34408852318,2.6904072761535645
MVDO,CEC2017,15,30,30,30,1000,30000,115068.77594141,74925.44966810764,33346.28716923211,97231.57927069052,366672.6331523968,4.981626998007672,116568.77594141,74925.44966810764,34846.28716923211,98731.57927069052,368172.6331523968,2.426342010498047
MVDO,CEC2017,16,30,30,30,1000,30000,977.973407283856,280.48364077459587,410.31627770484783,969.2279844802864,1545.7042630224578,2.971454205872085,2577.9734072838555,280.4836407745958,2010.316277704848,2569.227984480286,3145.704263022458,3.089475393295288
MVDO,CEC2017,17,30,30,30,1000,30000,392.9154842310952,110.15848170187066,194.11791885261027,378.2547051457954,607.3816983162646,2.575909099657337,2092.915484231095,110.15848170187066,1894.1179188526105,2078.2547051457955,2307.3816983162646,3.786571741104126
MVDO,CEC2017,18,30,30,30,1000,30000,250722.49890988093,185215.07428821683,62803.79669771321,200200.48374011385,1029726.683346782,5.310098489112947,252522.49890988093,185215.07428821683,64603.79669771321,202000.48374011385,1031526.683346782,2.9045913219451904
MVDO,CEC2017,19,30,30,30,1000,30000,9380387.086253949,13582497.390548997,252008.0107312036,3668486.096551359,70458557.67570874,6.623655199091775,9382287.086253949,13582497.390548997,253908.0107312036,3670386.096551359,70460457.67570874,6.038223743438721
MVDO,CEC2017,20,30,30,30,1000,30000,497.6566162768307,179.54814110329738,186.96756333311717,512.3206958160351,873.327273688973,2.6640532255098672,2497.6566162768304,179.5481411032974,2186.967563333117,2512.320695816036,2873.327273688973,3.9127371311187744
MVDO,CEC2017,21,30,30,30,1000,30000,263.90327258447365,17.765779609947597,233.4443033548728,263.0234483815664,314.97256189324617,2.420489409448399,2363.9032725844736,17.765779609947597,2333.4443033548728,2363.0234483815666,2414.972561893246,3.647218942642212
MVDO,CEC2017,22,30,30,30,1000,30000,2041.239768024724,1873.502509273398,109.42196732669572,2573.202151834272,5176.417194413027,2.8584483826008182,4241.239768024723,1873.502509273398,2309.421967326696,4773.202151834272,7376.417194413027,6.79221248626709
MVDO,CEC2017,23,30,30,30,1000,30000,419.7046943038773,20.43987262248004,385.7511291862402,420.4748522797222,459.08768839311006,2.6224319773360434,2719.7046943038777,20.43987262248004,2685.75112918624,2720.474852279722,2759.08768839311,6.517278432846069
MVDO,CEC2017,24,30,30,30,1000,30000,483.8721148640764,24.095524305443703,442.569596154337,480.8026463220244,554.2719965109891,2.6842082562510114,2883.872114864077,24.0955243054437,2842.569596154337,2880.8026463220244,2954.271996510989,5.27493953704834
MVDO,CEC2017,25,30,30,30,1000,30000,404.0865388616634,18.370172946735224,387.1631597979495,394.5028838368812,448.07749643764055,2.6060371324619296,2904.086538861664,18.370172946735224,2887.163159797949,2894.502883836881,2948.0774964376405,4.731770038604736
MVDO,CEC2017,26,30,30,30,1000,30000,1672.240368922982,545.063269622954,305.08195599013834,1733.2856408617326,2683.0365570490594,3.1780809910482377,4272.240368922981,545.063269622954,2905.0819559901383,4333.285640861733,5283.036557049059,7.943457126617432
MVDO,CEC2017,27,30,30,30,1000,30000,531.093183526969,17.54215850005952,501.6368150267117,528.7387984106717,593.9480278999367,2.7249400734115787,3231.093183526969,17.54215850005952,3201.636815026712,3228.738798410672,3293.9480278999367,7.128338575363159
MVDO,CEC2017,28,30,30,30,1000,30000,457.5582082022808,29.479152047804853,416.6486746779256,458.70062936654494,545.0656249882086,2.659581954793921,3257.55820820228,29.479152047804856,3216.6486746779256,3258.700629366545,3345.0656249882086,6.078432321548462
MVDO,CEC2017,29,30,30,30,1000,30000,978.8724971763156,228.75744169292503,637.6427150584982,930.6099920911412,1455.9586858808325,2.978971001293711,3878.872497176316,228.75744169292503,3537.642715058498,3830.609992091141,4355.9586858808325,6.024685621261597
MVDO,CEC2017,30,30,30,30,1000,30000,27008784.92567639,32785848.141200405,496766.9972793575,16125149.062470067,136946658.3300964,7.208260960789473,27011784.92567639,32785848.141200405,499766.9972793575,16128149.062470067,136949658.3300964,7.58023738861084
MVDO,CEC2017,1,50,30,30,1000,30000,202516559.85242465,40873909.62936635,107763618.03484637,207798652.3635643,308726690.2034472,8.297119557477936,202516659.85242465,40873909.62936635,107763718.03484637,207798752.3635643,308726790.2034472,2.2318077087402344
MVDO,CEC2017,3,50,30,30,1000,30000,61495.04612906037,18859.64597118133,34247.21469059302,58385.52698410535,100795.36744102226,4.768561325752982,61795.04612906037,18859.64597118133,34547.21469059302,58685.52698410535,101095.36744102226,2.288560152053833
MVDO,CEC2017,4,50,30,30,1000,30000,189.47006764220689,37.87049110181313,113.33698474013796,192.2953830667679,263.6774412877189,2.267927002699749,589.4700676422069,37.87049110181313,513.336984740138,592.295383066768,663.6774412877189,2.5047309398651123
MVDO,CEC2017,5,50,30,30,1000,30000,140.50929033857457,31.95347055045529,96.70465665258403,138.43270350103313,228.5041764374057,2.137228690293346,640.5092903385746,31.953470550455293,596.704656652584,638.4327035010331,728.5041764374057,3.0840373039245605
MVDO,CEC2017,6,50,30,30,1000,30000,29.75192195266138,6.896110383215038,14.599403857862171,29.126018307750314,45.87594751170912,1.4614083765620418,629.7519219526614,6.896110383215039,614.5994038578622,629.1260183077503,645.8759475117091,3.453200340270996
MVDO,CEC2017,7,50,30,30,1000,30000,338.25577607949,50.44329938814726,244.3633922931604,326.5408198033193,507.76262075569207,2.52482401391477,1038.25577607949,50.44329938814727,944.3633922931604,1026.5408198033192,1207.762620755692,3.467103242874145
MVDO,CEC2017,8,50,30,30,1000,30000,165.92912242661083,32.94983548406378,106.76959976138572,161.07126082721965,253.18195357372588,2.211520788531288,965.9291224266108,32.94983548406378,906.7695997613856,961.0712608272196,1053.181953573726,3.5214571952819824
MVDO,CEC2017,9,50,30,30,1000,30000,3312.511314370379,3591.894793184953,601.8266833436046,2273.084007572608,14638.305931999634,3.356498325643356,4212.511314370379,3591.8947931849525,1501.8266833436046,3173.084007572608,15538.305931999634,3.523532629013061
MVDO,CEC2017,10,50,30,30,1000,30000,6708.463818462204,956.9124968670084,4556.9027647207,6905.16919671402,8099.68463480243,3.821809411962939,7708.463818462204,956.9124968670084,5556.9027647207,7905.16919671402,9099.68463480243,6.293713808059692
MVDO,CEC2017,11,50,30,30,1000,30000,506.9215960337038,128.10815318656117,300.0174340339884,499.1611043507305,815.081138115899,2.691064788251899,1606.9215960337044,128.10815318656117,1400.0174340339884,1599.1611043507305,1915.081138115899,3.0987348556518555
MVDO,CEC2017,12,50,30,30,1000,30000,1122608988.657084,729381758.5369111,160511646.76850557,781737994.0368941,2942203908.610077,8.954235999327983,1122610188.657084,729381758.5369111,160512846.76850557,781739194.0368941,2942205108.610077,3.718033790588379
MVDO,CEC2017,13,50,30,30,1000,30000,1800441.7536398969,782932.8280789086,598381.7310794175,1802462.4259490832,4007022.61903289,6.215530372473543,1801741.7536398969,782932.8280789086,599681.7310794175,1803762.4259490832,4008322.61903289,3.044245481491089
MVDO,CEC2017,14,50,30,30,1000,30000,230153.7711022359,217174.9414290592,13209.37048507004,175836.26910432993,980516.285232736,5.150808150537815,231553.7711022359,217174.9414290592,14609.37048507004,177236.26910432993,981916.285232736,3.4680097103118896
MVDO,CEC2017,15,50,30,30,1000,30000,357022.68654111435,137740.38543235106,149136.78304993507,327195.8045101925,631930.6134600656,5.518100296957039,358522.68654111435,137740.38543235106,150636.78304993507,328695.8045101925,633430.6134600656,2.9916141033172607
MVDO,CEC2017,16,50,30,30,1000,30000,1621.3367022364685,347.0074826363555,924.1213112360338,1598.3747794204908,2230.874507043753,3.19917365882984,3221.336702236468,347.0074826363555,2524.1213112360338,3198.374779420491,3830.874507043753,4.2454798221588135
MVDO,CEC2017,17,50,30,30,1000,30000,1469.5391182698909,292.026566220043,959.3592041137408,1470.7329139100473,2134.244394211487,3.158404612363662,3169.5391182698904,292.026566220043,2659.359204113741,3170.7329139100475,3834.244394211487,5.999844551086426
MVDO,CEC2017,18,50,30,30,1000,30000,1808480.694260988,1894112.0160718549,266181.28922455205,1074201.9136032448,8365416.128713718,6.0703340146950335,1810280.694260988,1894112.0160718549,267981.28922455205,1076001.9136032448,8367216.128713718,2.9865307807922363
MVDO,CEC2017,19,50,30,30,1000,30000,23710956.949410822,24811996.58714348,229396.42403835116,21895420.468076624,112403600.34359702,6.9860780941354506,23712856.949410822,24811996.58714348,231296.42403835116,21897320.468076624,112405500.34359702,9.299238681793211
MVDO,CEC2017,20,50,30,30,1000,30000,1063.0576804979496,330.8535009996853,366.2727808574782,1016.9051084367088,1886.2459190703976,3.003018658443202,3063.057680497949,330.85350099968537,2366.272780857478,3016.905108436709,3886.2459190703976,5.679432153701782
MVDO,CEC2017,21,50,30,30,1000,30000,351.60585598205995,38.65933421053904,282.73939719531563,348.37825527060227,450.0545650471863,2.5434743156330906,2451.6058559820594,38.65933421053904,2382.739397195316,2448.3782552706025,2550.0545650471863,4.525963068008423
MVDO,CEC2017,22,50,30,30,1000,30000,6753.511433348476,818.457503932206,5101.221312025714,6825.80064033117,8124.920004885484,3.8262184876853937,8953.511433348474,818.457503932206,7301.221312025714,9025.80064033117,10324.920004885484,9.667897701263428
MVDO,CEC2017,23,50,30,30,1000,30000,609.250923873391,42.352267722538194,521.1803427875329,611.0928577026666,713.1971523202733,2.7837473670049,2909.250923873391,42.352267722538194,2821.180342787533,2911.0928577026666,3013.1971523202733,9.42308759689331
MVDO,CEC2017,24,50,30,30,1000,30000,640.6189333007653,37.71170367396896,567.7686164072056,645.922096144028,699.0595252870207,2.8058354171745665,3040.618933300765,37.71170367396895,2967.7686164072056,3045.922096144028,3099.0595252870207,7.175558567047119
MVDO,CEC2017,25,50,30,30,1000,30000,582.8022820109753,29.572286386363874,512.3937159660022,589.5849800919814,626.2004490914005,2.76494633629465,3082.8022820109754,29.572286386363867,3012.393715966002,3089.5849800919814,3126.2004490914005,6.111309766769409
MVDO,CEC2017,26,50,30,30,1000,30000,2783.532371274045,337.9232913208482,2072.8184065093046,2766.279212907082,3893.865513756368,3.44149478603204,5383.532371274047,337.9232913208482,4672.818406509305,5366.279212907082,6493.865513756367,11.525001525878906
MVDO,CEC2017,27,50,30,30,1000,30000,714.4391471410164,75.75973394840952,579.7880924998426,709.0284219710225,927.1705461083448,2.8515858924724755,3414.4391471410167,75.75973394840952,3279.7880924998426,3409.0284219710225,3627.1705461083448,10.285905838012695
MVDO,CEC2017,28,50,30,30,1000,30000,534.2234268351675,31.007096265686283,471.8731929670921,532.5863841249579,631.6917219013353,2.727006604056575,3334.223426835168,31.007096265686283,3271.873192967092,3332.586384124958,3431.6917219013358,8.634275674819946
MVDO,CEC2017,29,50,30,30,1000,30000,1822.4326482314568,462.3881483084814,1184.9260962319613,1688.878854763308,3267.0101175114623,3.247778650042583,4722.432648231456,462.3881483084813,4084.926096231961,4588.8788547633085,6167.010117511462,9.344988346099854
MVDO,CEC2017,30,50,30,30,1000,30000,346260645.19905907,158488078.1680703,95676006.35178408,309777096.341407,788148703.5317993,8.495542238792408,346263645.19905907,158488078.1680703,95679006.35178408,309780096.341407,788151703.5317993,11.788920640945436
PSO,CEC2017,1,30,30,30,1000,30000,17263167291.05209,23993817420.591908,1154.1103638206991,8395048237.878189,73521521562.34944,7.736094702918348,17263167391.05209,23993817420.591908,1254.1103638206991,8395048337.878189,73521521662.34944,0.6932806968688965
PSO,CEC2017,3,30,30,30,1000,30000,39855.150046119445,16363.352214670762,18787.057753758,33184.607798123165,85695.42841363534,4.568278638549435,40155.150046119445,16363.352214670762,19087.057753758,33484.607798123165,85995.42841363534,0.7638723850250244
PSO,CEC2017,4,30,30,30,1000,30000,310.6425394989066,382.58772770468914,104.1352637524069,168.71452073217898,2104.082392816766,2.340379638591977,710.6425394989067,382.58772770468914,504.1352637524069,568.7145207321789,2504.082392816766,0.8600788116455078
PSO,CEC2017,5,30,30,30,1000,30000,92.66575697064371,29.10123302822353,49.25628114059498,86.08038810494918,192.69608282885952,1.9491541675246848,592.6657569706438,29.101233028223533,549.256281140595,586.0803881049492,692.6960828288595,1.1959967613220217
PSO,CEC2017,6,30,30,30,1000,30000,20.913684889199462,7.160198339338665,7.287727292104819,20.4386189477292,41.048517466886096,1.293380603297072,620.9136848891994,7.160198339338665,607.2877272921048,620.4386189477292,641.0485174668861,1.4159870147705078
PSO,CEC2017,7,30,30,30,1000,30000,138.5618352044482,53.43802453152781,82.71247599927949,119.92819312398603,293.66736523060354,2.115617029649985,838.5618352044484,53.438024531527816,782.7124759992795,819.928193123986,993.6673652306037,1.388628005981445
PSO,CEC2017,8,30,30,30,1000,30000,80.04279981060868,20.500535228015607,44.9205985642343,81.62997152906343,134.4902519886068,1.8894032307308952,880.0427998106089,20.500535228015607,844.9205985642343,881.6299715290634,934.4902519886068,1.3967161178588867
PSO,CEC2017,9,30,30,30,1000,30000,428.2730783490733,414.8549736203796,25.014946980193145,283.0105955273565,1898.808839276552,2.414602123237424,1328.273078349073,414.8549736203796,925.0149469801931,1183.0105955273566,2798.808839276552,1.3918051719665527
PSO,CEC2017,10,30,30,30,1000,30000,3544.500481819048,647.2309065151352,2602.9070631097657,3582.252577209568,5287.916914799443,3.5428193623418536,4544.500481819047,647.2309065151352,3602.9070631097657,4582.252577209568,6287.916914799443,3.102266550064087
PSO,CEC2017,11,30,30,30,1000,30000,236.6181096758072,341.3759336645378,77.56958910314643,170.0261803586609,2054.063526985241,2.2553476154922767,1336.6181096758075,341.3759336645378,1177.5695891031464,1270.026180358661,3154.063526985241,1.2499160766601562
PSO,CEC2017,12,30,30,30,1000,30000,593582937.9303416,1061325903.2664484,409369.5378169535,17631399.907499745,4528119690.762595,7.568481069054391,593584137.9303416,1061325903.2664484,410569.5378169535,17632599.907499745,4528120890.762595,1.6322102546691897
PSO,CEC2017,13,30,30,30,1000,30000,58071824.79992158,176981929.3227141,4494.193964542592,106698.28433157368,716742362.3373672,5.604436678145805,58073124.79992158,176981929.3227141,5794.193964542592,107998.28433157368,716743662.3373672,1.2701125144958496
PSO,CEC2017,14,30,30,30,1000,30000,67878.55989360322,67602.90574765608,1918.2627803865405,43402.28532061663,272933.19317926856,4.56308977828581,69278.55989360322,67602.90574765608,3318.2627803865403,44802.28532061663,274333.19317926856,1.4151463508605957
PSO,CEC2017,15,30,30,30,1000,30000,21456.489847827936,16960.807900702686,322.75750857428216,22422.604536605573,53840.96804363682,4.07472632175111,22956.489847827936,16960.807900702686,1822.7575085742824,23922.604536605573,55340.96804363682,1.1561262607574463
PSO,CEC2017,16,30,30,30,1000,30000,1038.56997767155,319.94612421334205,283.3076674243871,1034.6937503238964,1917.3078056721636,2.992636148219826,2638.5699776715505,319.946124213342,1883.307667424387,2634.6937503238964,3517.307805672164,1.7811739444732666
PSO,CEC2017,17,30,30,30,1000,30000,397.1313422875047,192.52891500768885,99.05237843238228,357.57065248942286,772.7546141523626,2.5399158615970405,2097.1313422875046,192.5289150076888,1799.0523784323825,2057.570652489423,2472.7546141523626,2.266847610473633
PSO,CEC2017,18,30,30,30,1000,30000,931336.428044394,1222005.3839739745,76863.5266352598,625249.8755594537,6109784.479143585,5.715839442987264,933136.428044394,1222005.3839739745,78663.5266352598,627049.8755594537,6111584.479143585,1.176591873168945
PSO,CEC2017,19,30,30,30,1000,30000,2015259.6938034515,10025428.810990768,170.80279959312293,20047.20734806983,55963903.12651965,4.2515910270075645,2017159.6938034515,10025428.810990768,2070.802799593123,21947.20734806983,55965803.12651965,4.5458314418792725
PSO,CEC2017,20,30,30,30,1000,30000,377.6734275865412,161.62741798352732,98.66605518920868,351.90000934464274,801.0395053960365,2.532993849179645,2377.673427586541,161.62741798352732,2098.6660551892087,2351.900009344643,2801.0395053960365,2.2458996772766118
PSO,CEC2017,21,30,30,30,1000,30000,289.4690686151525,27.68509609688514,242.43611072987733,282.96424008905615,369.9573296073472,2.459733240750377,2389.469068615153,27.68509609688514,2342.4361107298773,2382.964240089056,2469.957329607347,2.0501861572265625
PSO,CEC2017,22,30,30,30,1000,30000,2133.585475515876,1645.6826856314806,216.43759606856884,2001.9649803211728,4604.518369990586,3.125704351887428,4333.585475515874,1645.6826856314806,2416.437596068569,4201.964980321173,6804.518369990586,4.988167762756348
PSO,CEC2017,23,30,30,30,1000,30000,573.3394059099057,70.85288438334817,458.2166643997489,574.0966272449486,737.2480098687493,2.7551474333337054,2873.339405909906,70.85288438334817,2758.216664399749,2874.0966272449486,3037.2480098687493,4.6852192878723145
PSO,CEC2017,24,30,30,30,1000,30000,658.0521865269653,102.69837702232417,527.3847341424848,615.1521681080033,975.4421412311668,2.8134202943010576,3058.052186526966,102.69837702232414,2927.384734142485,3015.152168108003,3375.4421412311667,3.627028703689575
PSO,CEC2017,25,30,30,30,1000,30000,432.3577013008317,67.82280070921378,388.6941207321906,414.21792349048087,725.8635628833244,2.631669136233583,2932.357701300831,67.82280070921378,2888.69412073219,2914.2179234904806,3225.8635628833244,3.2027218341827397
PSO,CEC2017,26,30,30,30,1000,30000,2189.2987084173988,930.2022310721264,200.29314808458685,2222.329542993245,4254.649618935291,3.2834529162976724,4789.298708417398,930.2022310721262,2800.293148084587,4822.329542993244,6854.649618935291,6.1349921226501465
PSO,CEC2017,27,30,30,30,1000,30000,604.0571953779591,76.69120913736923,509.2331186292222,585.209232941892,869.295374648822,2.7778558773852207,3304.0571953779595,76.69120913736923,3209.233118629222,3285.209232941892,3569.295374648822,4.989012718200684
PSO,CEC2017,28,30,30,30,1000,30000,625.5188669817472,153.37403816704796,431.5590277755373,587.0426633172717,1061.7732849673605,2.7844122238534155,3425.518866981748,153.37403816704796,3231.5590277755373,3387.042663317272,3861.77328496736,4.561098337173462
PSO,CEC2017,29,30,30,30,1000,30000,929.1692780138828,221.01589553935003,519.3341978138324,907.7167614351664,1649.8459347024927,2.9566378003453884,3829.169278013883,221.01589553935008,3419.3341978138324,3807.716761435167,4549.845934702493,4.491497755050659
PSO,CEC2017,30,30,30,30,1000,30000,814039.8755895086,1450615.4853499045,4265.607397786797,306017.3340799941,6305675.186823371,5.304270495886344,817039.8755895086,1450615.4853499045,7265.607397786797,309017.3340799941,6308675.186823371,6.03032112121582
PSO,CEC2017,1,50,30,30,1000,30000,101388097757.96368,50914469589.21394,23282280852.01385,95633652709.49828,230056904311.62888,10.94385717953936,101388097857.96368,50914469589.21394,23282280952.01385,95633652809.49828,230056904411.62888,0.9497191905975342
PSO,CEC2017,3,50,30,30,1000,30000,163087.02415217992,43937.80269421536,103174.03827583096,155404.43201428984,278924.061150799,5.19738615136479,163387.02415217992,43937.80269421536,103474.03827583096,155704.43201428984,279224.061150799,0.961017608642578
PSO,CEC2017,4,50,30,30,1000,30000,745.2405089020976,529.2558416807436,188.69020428027125,678.4747456345865,2842.631354972373,2.7843731642769294,1145.2405089020976,529.2558416807436,588.6902042802712,1078.4747456345865,3242.631354972373,1.110316038131714
PSO,CEC2017,5,50,30,30,1000,30000,227.94719558473767,79.02023131810968,138.3862936647481,200.4141617562108,557.9523877978368,2.338299067870431,727.9471955847378,79.02023131810967,638.3862936647481,700.4141617562108,1057.9523877978368,1.7536380290985107
PSO,CEC2017,6,50,30,30,1000,30000,37.41006954138074,11.498769244837789,15.509254447271474,35.74878527038652,71.58604467205237,1.5536925100588836,637.4100695413806,11.498769244837789,615.5092544472715,635.7487852703865,671.5860446720524,2.157419443130493
PSO,CEC2017,7,50,30,30,1000,30000,412.0367392648351,126.94223865247916,229.8869588132037,365.7328590501195,714.7096950109753,2.595241382806308,1112.0367392648352,126.94223865247916,929.8869588132036,1065.7328590501195,1414.709695010975,2.067957639694214
PSO,CEC2017,8,50,30,30,1000,30000,201.15287237769328,52.97233387101987,110.02972423574874,195.41843381122808,312.7219346960817,2.2882362182044256,1001.1528723776936,52.97233387101986,910.0297242357487,995.418433811228,1112.7219346960817,2.003920316696167
PSO,CEC2017,9,50,30,30,1000,30000,7524.674183695448,5662.651709081142,783.5474879272499,6285.467794696926,25097.78966616099,3.7351249789343792,8424.674183695448,5662.651709081142,1683.54748792725,7185.467794696926,25997.78966616099,2.068201780319214
PSO,CEC2017,10,50,30,30,1000,30000,6629.296418964411,1051.8200695288792,4499.742640168624,6490.962651875043,9125.581481868445,3.816077226325951,7629.296418964411,1051.8200695288792,5499.742640168624,7490.962651875043,10125.581481868445,4.816196203231812
PSO,CEC2017,11,50,30,30,1000,30000,469.25744784672656,361.49334111662114,206.32324654265423,384.27334387998735,2291.84763407606,2.613893682125213,1569.2574478467263,361.4933411166212,1306.3232465426545,1484.2733438799874,3391.84763407606,1.682133436203003
PSO,CEC2017,12,50,30,30,1000,30000,23266636623.085327,23070002493.203197,201127821.9701216,13107832823.609598,91865856741.83163,10.1181384288372,23266637823.085327,23070002493.203197,201129021.9701216,13107834023.609598,91865857941.83163,2.4221858978271484
PSO,CEC2017,13,50,30,30,1000,30000,7452903210.919816,11684466287.063671,35979.4211772675,2460868724.278178,55935086865.85108,8.598890829117074,7452904510.919816,11684466287.063671,37279.4211772675,2460870024.278178,55935088165.85108,1.7793035507202148
PSO,CEC2017,14,50,30,30,1000,30000,661295.3659859279,1415513.391647376,14227.567194950616,246964.3075401882,8032216.542347667,5.499336147799794,662695.3659859279,1415513.391647376,15627.567194950616,248364.3075401882,8033616.542347667,2.1143171787261963
PSO,CEC2017,15,50,30,30,1000,30000,186915067.98209992,762823010.5805746,10625.617648125395,33489.6833189966,4182269495.112778,4.977389985065046,186916567.98209992,762823010.5805746,12125.617648125395,34989.6833189966,4182270995.112778,1.595310926437378
PSO,CEC2017,16,50,30,30,1000,30000,1749.5681128637027,468.7542509797794,942.4892675548048,1775.0599829820994,3126.1816690378373,3.2273214431484107,3349.568112863703,468.7542509797795,2542.489267554805,3375.0599829820994,4726.181669037837,2.604753017425537
PSO,CEC2017,17,50,30,30,1000,30000,1483.912785617547,356.8233754473286,830.0537395455422,1482.597852527054,2209.504010093002,3.158018405880679,3183.912785617548,356.82337544732866,2530.053739545542,3182.597852527054,3909.504010093002,3.570671558380127
PSO,CEC2017,18,50,30,30,1000,30000,5063516.141672937,5051565.770019562,1411868.1800074228,3979161.5960880313,27487406.59299699,6.577398595601762,5065316.141672937,5051565.770019562,1413668.1800074228,3980961.5960880313,27489206.59299699,1.7154626846313477
PSO,CEC2017,19,50,30,30,1000,30000,64063772.07888828,320822920.06624347,3937.3734323730314,570320.2733617156,1790650316.296793,5.699436518602585,64065672.07888828,320822920.06624347,5837.373432373031,572220.2733617156,1790652216.296793,6.942687273025513
PSO,CEC2017,20,50,30,30,1000,30000,987.232263189539,340.64633965540463,363.86741737423336,1065.7819408367952,1528.9682541194345,2.9630774848671426,2987.232263189539,340.64633965540463,2363.8674173742334,3065.781940836795,3528.9682541194343,3.700318098068237
PSO,CEC2017,21,50,30,30,1000,30000,441.7189148782557,62.55108178934878,330.92151120824883,432.9670752628936,659.6367397264348,2.641119277735063,2541.718914878256,62.55108178934877,2430.921511208249,2532.9670752628936,2759.636739726435,3.052525043487549
PSO,CEC2017,22,50,30,30,1000,30000,6786.572242672287,1999.547379642263,939.5066868682998,7327.520123982458,9290.289955983537,3.7887720935959046,8986.572242672288,1999.5473796422627,3139.5066868683,9527.520123982458,11490.289955983537,8.307328701019287
PSO,CEC2017,23,50,30,30,1000,30000,1029.13015534578,151.0110838950394,789.2628182804474,1012.6518358236896,1347.7735113011622,3.007981008649834,3329.13015534578,151.0110838950394,3089.2628182804474,3312.65183582369,3647.773511301162,7.385097980499268
PSO,CEC2017,24,50,30,30,1000,30000,1159.320809969421,233.7591339740709,785.4383962435672,1096.3580478982385,1763.3072098696505,3.056080394872068,3559.320809969421,233.7591339740709,3185.4383962435672,3496.3580478982385,4163.30720986965,5.495102882385254
PSO,CEC2017,25,50,30,30,1000,30000,760.9471358694482,181.05765490030748,546.9765919254178,709.2171347350181,1358.8929635500967,2.870745828372859,3260.9471358694486,181.05765490030748,3046.976591925418,3209.217134735018,3858.8929635500967,4.720550060272217
PSO,CEC2017,26,50,30,30,1000,30000,4703.012174133807,1428.7593545476354,1227.5554634012806,4564.255958984615,8691.98108908068,3.650041891787628,7303.012174133808,1428.7593545476354,3827.5554634012806,7164.255958984615,11291.98108908068,9.747238874435425
PSO,CEC2017,27,50,30,30,1000,30000,1048.7703739794638,241.9583862504253,757.4006690233764,972.1169193949391,1705.5570178139806,3.010086327361068,3748.770373979464,241.9583862504253,3457.4006690233764,3672.116919394939,4405.557017813981,7.526795864105225
PSO,CEC2017,28,50,30,30,1000,30000,1516.2895724081704,959.7609184180336,530.112940514955,1297.3036753871252,3958.8471413910847,3.097571125473998,4316.289572408171,959.7609184180336,3330.112940514955,4097.303675387126,6758.847141391085,6.919360160827637
PSO,CEC2017,29,50,30,30,1000,30000,1730.365020280876,414.02824419213766,959.4068185198312,1637.148311655421,2704.723579199055,3.225977642204357,4630.365020280876,414.02824419213766,3859.406818519831,4537.148311655421,5604.723579199055,7.395582675933838
PSO,CEC2017,30,50,30,30,1000,30000,282089333.0083752,1345949227.1016223,1231690.4370749097,10709920.043327836,7518687186.001642,7.211016077930472,282092333.0083752,1345949227.1016223,1234690.4370749097,10712920.043327836,7518690186.001642,9.430529594421388
GWO,CEC2017,1,30,30,30,1000,30000,50539561818.9442,34870904561.92913,4411202602.992822,41396305989.99396,147382303388.05984,10.588427230797093,50539561918.9442,34870904561.92913,4411202702.992822,41396306089.99396,147382303488.05984,1.1101467609405518
GWO,CEC2017,3,30,30,30,1000,30000,48479.84073416317,10955.75444265503,21149.45189413662,51627.78427766214,66350.59608830353,4.672035838143072,48779.84073416317,10955.75444265503,21449.45189413662,51927.78427766214,66650.59608830353,1.1941022872924805
GWO,CEC2017,4,30,30,30,1000,30000,442.65752212112176,482.7651543338332,141.30507971500447,294.63284639800355,2692.534716982523,2.527037775203167,842.6575221211218,482.7651543338332,541.3050797150045,694.6328463980035,3092.534716982523,1.4351530075073242
GWO,CEC2017,5,30,30,30,1000,30000,158.7643564466557,27.53106902517733,115.67073875483288,155.2326334734728,209.604108613609,2.1943055024382607,658.7643564466557,27.53106902517733,615.6707387548329,655.2326334734728,709.604108613609,1.7785561084747314
GWO,CEC2017,6,30,30,30,1000,30000,41.90229923243056,7.9229699464317775,29.733342997719205,41.52806569450411,68.10875097671476,1.615155679739953,641.9022992324306,7.9229699464317775,629.7333429977192,641.5280656945041,668.1087509767148,1.9779253005981443
GWO,CEC2017,7,30,30,30,1000,30000,248.50106045113364,52.23007461548561,148.44535804406996,246.2338495861408,358.1521466749814,2.3854957220495883,948.5010604511334,52.23007461548561,848.44535804407,946.2338495861408,1058.1521466749814,1.9384710788726809
GWO,CEC2017,8,30,30,30,1000,30000,126.64006484392146,21.61049748501349,85.54625542928716,119.6004144738082,176.79206316892555,2.0963055554704733,926.6400648439214,21.61049748501349,885.5462554292872,919.6004144738082,976.7920631689256,1.8672118186950684
GWO,CEC2017,9,30,30,30,1000,30000,2596.679187726504,898.6115228012675,871.2057390262964,2563.6618271443317,4363.621328329349,3.3828005970712973,3496.679187726505,898.6115228012676,1771.2057390262964,3463.6618271443317,5263.621328329349,1.8875865936279297
GWO,CEC2017,10,30,30,30,1000,30000,3958.7879408099743,804.1917359794483,2503.5026166713837,3966.989223764024,5884.580993457235,3.588663647737612,4958.7879408099725,804.1917359794483,3503.5026166713837,4966.989223764024,6884.580993457235,3.3994081020355225
GWO,CEC2017,11,30,30,30,1000,30000,1575.907653174149,1242.5054629680649,326.4525944575553,1050.4169383103729,4587.410931849444,3.0482088932364872,2675.9076531741493,1242.5054629680649,1426.4525944575553,2150.4169383103726,5687.410931849444,1.6605730056762695
GWO,CEC2017,12,30,30,30,1000,30000,2452493803.051112,1611505963.2270997,66150733.25646099,2231897602.945241,7664600094.13084,9.243008489702063,2452495003.051112,1611505963.2270997,66151933.25646099,2231898802.945241,7664601294.13084,2.0629725456237797
GWO,CEC2017,13,30,30,30,1000,30000,344723569.6501133,781350368.0441438,62026.61755320864,1036984.220669062,2959769321.481092,6.477108069507925,344724869.6501133,781350368.0441438,63326.61755320864,1038284.220669062,2959770621.481092,1.7853496074676514
GWO,CEC2017,14,30,30,30,1000,30000,350080.8924326216,372032.2153005115,28772.843936566587,135441.54005128786,1111625.4110193464,5.253997264211528,351480.8924326216,372032.2153005115,30172.843936566587,136841.54005128786,1113025.4110193464,1.9428460597991943
GWO,CEC2017,15,30,30,30,1000,30000,10028801.34460904,16181518.544823395,29524.56859346264,633338.7657028029,52500894.525272265,5.9850157454314585,10030301.34460904,16181518.544823395,31024.56859346264,634838.7657028029,52502394.525272265,1.709606647491455
GWO,CEC2017,16,30,30,30,1000,30000,1119.8505147664662,290.1626849524876,666.74007924017,1131.2020335421937,1805.0020372813171,3.034668443948441,2719.8505147664664,290.1626849524876,2266.74007924017,2731.202033542194,3405.0020372813174,2.339688777923584
GWO,CEC2017,17,30,30,30,1000,30000,507.2890589467878,211.0172575396149,130.6114034209863,484.37151714018455,1002.1504347066152,2.6632153415984896,2207.289058946788,211.0172575396149,1830.6114034209863,2184.371517140185,2702.150434706615,2.854211568832397
GWO,CEC2017,18,30,30,30,1000,30000,3401869.722691555,5448729.837232586,127720.39259403633,1144770.1865623535,27113334.88904896,6.132059314136782,3403669.722691555,5448729.837232586,129520.39259403633,1146570.1865623535,27115134.88904896,1.7163231372833252
GWO,CEC2017,19,30,30,30,1000,30000,71761531.48255375,227461217.8017285,34195.91424980828,6413386.644595932,1213267726.39442,6.792937348411286,71763431.48255375,227461217.8017285,36095.91424980828,6415286.644595932,1213269626.39442,5.01085352897644
GWO,CEC2017,20,30,30,30,1000,30000,515.059477288419,187.5715246300387,267.83463209292813,473.4962917523162,1204.2621606003631,2.6873083514039475,2515.059477288419,187.5715246300387,2267.834632092928,2473.496291752316,3204.262160600363,2.818115472793579
GWO,CEC2017,21,30,30,30,1000,30000,334.6653816387752,28.80630697345236,291.5666106255203,330.4079841600228,402.0890971538343,2.5230278718706343,2434.665381638776,28.80630697345236,2391.5666106255203,2430.407984160023,2502.0890971538342,2.609224796295166
GWO,CEC2017,22,30,30,30,1000,30000,3232.3600718027687,1864.502005956728,302.2394822204601,3950.612414682764,5829.119723766506,3.3771300740042687,5432.360071802769,1864.502005956728,2502.23948222046,6150.612414682764,8029.119723766506,5.653918743133545
GWO,CEC2017,23,30,30,30,1000,30000,527.4989479585541,39.17934870367331,446.5782211676383,525.5633723361896,628.0609716369149,2.721026830412856,2827.498947958555,39.179348703673305,2746.5782211676383,2825.56337233619,2928.060971636915,5.448957204818726
GWO,CEC2017,24,30,30,30,1000,30000,584.2529493584437,45.81865241403717,503.68085808720434,581.030001065988,702.4004637487483,2.765302621037207,2984.2529493584434,45.81865241403717,2903.6808580872043,2981.030001065988,3102.4004637487483,4.311003923416138
GWO,CEC2017,25,30,30,30,1000,30000,584.066997035883,104.01557621469216,466.53606103154016,556.243241464166,939.8615001458612,2.760460779432316,3084.0669970358827,104.01557621469216,2966.53606103154,3056.243241464166,3439.861500145861,3.698270797729492
GWO,CEC2017,26,30,30,30,1000,30000,2752.9443342159707,564.8250862034029,1848.1233488288217,2583.846371321465,4823.891574482927,3.4317486797245347,5352.94433421597,564.8250862034029,4448.123348828822,5183.846371321466,7423.891574482927,6.846382141113281
GWO,CEC2017,27,30,30,30,1000,30000,597.4612396063947,40.84516809551342,531.6798897787107,592.4453515969117,675.9706602445704,2.775309543798556,3297.461239606395,40.84516809551341,3231.6798897787107,3292.445351596912,3375.9706602445704,6.0890398025512695
GWO,CEC2017,28,30,30,30,1000,30000,797.0510780730582,215.2185712566032,555.2050948913065,733.301781785595,1491.151679374001,2.888641707301554,3597.0510780730574,215.2185712566032,3355.2050948913065,3533.3017817855957,4291.151679374001,5.07048225402832
GWO,CEC2017,29,30,30,30,1000,30000,1089.9589253182958,212.54367979149836,701.4750853027622,1097.6512548282544,1598.2358535131589,3.0289535553368423,3989.958925318296,212.54367979149836,3601.475085302762,3997.6512548282544,4498.235853513159,5.039615631103516
GWO,CEC2017,30,30,30,30,1000,30000,71434394.42289077,59047380.56473333,1846022.3010808325,52734000.79029968,197248764.38476533,7.627881112342794,71437394.42289077,59047380.56473333,1849022.3010808325,52737000.79029968,197251764.38476533,6.667062997817993
GWO,CEC2017,1,50,30,30,1000,30000,172675264213.03323,62683903064.88201,47602302666.88851,173819637519.66083,389679307005.98846,11.207221546832177,172675264313.03323,62683903064.88201,47602302766.88851,173819637619.66083,389679307105.98846,1.327033281326294
GWO,CEC2017,3,50,30,30,1000,30000,112017.34881707888,18860.74178181372,74025.97763143844,114792.13423095766,145980.78352514713,5.042639439631421,112317.34881707888,18860.74178181372,74325.97763143844,115092.13423095766,146280.78352514713,1.3751580715179443
GWO,CEC2017,4,50,30,30,1000,30000,2377.891743351872,1180.8208540926005,429.6168163920252,2329.947303540038,4693.762106534944,3.311447858273582,2777.891743351872,1180.8208540926005,829.6168163920252,2729.947303540038,5093.762106534944,1.5775282382965088
GWO,CEC2017,5,50,30,30,1000,30000,289.468918441598,34.818618702666114,233.032128069461,290.6663551969189,362.41357859247296,2.4584529787255,789.468918441598,34.818618702666114,733.032128069461,790.6663551969189,862.413578592473,2.1986613273620605
GWO,CEC2017,6,50,30,30,1000,30000,57.72196263234862,12.394253724750046,34.08202999223295,57.29110523215167,84.23206781368992,1.7511338734938289,657.7219626323487,12.394253724750047,634.082029992233,657.2911052321517,684.2320678136899,2.7590668201446533
GWO,CEC2017,7,50,30,30,1000,30000,579.1325980065415,85.41708595918344,438.25182640538014,571.8415397296732,793.3765614016168,2.7580614247381527,1279.1325980065417,85.41708595918344,1138.25182640538,1271.841539729673,1493.3765614016168,2.526401996612549
GWO,CEC2017,8,50,30,30,1000,30000,331.1389535334938,75.22888881426803,226.0660894069656,323.15079711553767,555.9823049830845,2.510177993793057,1131.1389535334938,75.22888881426803,1026.0660894069656,1123.1507971155377,1355.9823049830843,2.451364755630493
GWO,CEC2017,9,50,30,30,1000,30000,18008.336775335327,8208.880461792398,5794.705887254228,16802.147423907925,41441.31957509904,4.207833594029451,18908.336775335323,8208.880461792398,6694.705887254228,17702.147423907925,42341.31957509904,2.507073879241944
GWO,CEC2017,10,50,30,30,1000,30000,8680.819355908794,2986.4913228682963,5640.563167056074,7435.594615026734,14966.19989825344,3.9169185504023303,9680.819355908792,2986.491322868296,6640.563167056074,8435.594615026734,15966.19989825344,5.050983667373657
GWO,CEC2017,11,50,30,30,1000,30000,6114.416272129261,2296.010783373857,2267.5524995255964,6031.882498920868,11746.350908352082,3.7513057200059863,7214.416272129261,2296.010783373857,3367.5524995255964,7131.882498920868,12846.350908352082,2.0994434356689453
GWO,CEC2017,12,50,30,30,1000,30000,23148237889.75876,27017879660.49021,879228700.310591,11326574346.72033,124810632410.57996,10.060954502707803,23148239089.75876,27017879660.49021,879229900.310591,11326575546.72033,124810633610.57996,2.6878862380981445
GWO,CEC2017,13,50,30,30,1000,30000,4781276778.771516,7451898294.450701,1461638.723571266,2536492796.250448,39748279371.818726,9.303529800677063,4781278078.771516,7451898294.450701,1462938.723571266,2536494096.250448,39748280671.818726,2.169880151748657
GWO,CEC2017,14,50,30,30,1000,30000,2059216.833653752,3763770.818754715,44246.5304485363,654566.5695464108,17928535.23246921,5.886423869082436,2060616.833653752,3763770.818754715,45646.5304485363,655966.5695464108,17929935.23246921,2.493786096572876
GWO,CEC2017,15,50,30,30,1000,30000,1340540416.7727458,3981357555.626312,45892.07054371647,122005771.8548379,21264009891.698963,7.812056484379955,1340541916.7727458,3981357555.626312,47392.07054371647,122007271.8548379,21264011391.698963,2.0374975204467773
GWO,CEC2017,16,50,30,30,1000,30000,1958.722981519296,431.057512259869,1017.233322922014,1902.6842158905663,2920.5716789532944,3.2812809428617835,3558.722981519296,431.057512259869,2617.233322922014,3502.6842158905665,4520.571678953294,3.087122917175293
GWO,CEC2017,17,50,30,30,1000,30000,1461.3066754696451,333.74606725288623,838.8600539193772,1444.8468268336107,2443.3972606777206,3.1538508453875505,3161.306675469644,333.7460672528862,2538.860053919377,3144.846826833611,4143.397260677721,4.782158136367798
GWO,CEC2017,18,50,30,30,1000,30000,10556779.42281274,9321313.130596088,403809.8578812078,9094892.61171312,41127023.53208264,6.823013956624826,10558579.42281274,9321313.130596088,405609.8578812078,9096692.61171312,41128823.53208264,2.161393642425537
GWO,CEC2017,19,50,30,30,1000,30000,92554626.36310808,251043070.80722883,279156.523302634,4994493.984803676,1019322788.351979,6.852100928322465,92556526.36310808,251043070.80722883,281056.523302634,4996393.984803676,1019324688.351979,7.849031448364258
GWO,CEC2017,20,50,30,30,1000,30000,985.8596440431982,307.3343393506335,560.7511917946877,948.838256143632,1742.362541433702,2.973712927213349,2985.859644043198,307.3343393506336,2560.751191794688,2948.838256143632,3742.362541433702,4.278015375137329
GWO,CEC2017,21,50,30,30,1000,30000,519.150258860283,43.56143560177973,434.3837585575802,526.8337749324198,596.4166758256415,2.713756780604623,2619.150258860283,43.56143560177973,2534.38375855758,2626.83377493242,2696.416675825641,3.5800445079803467
GWO,CEC2017,22,50,30,30,1000,30000,8213.748983375828,1316.7739421250749,5988.617407665642,8144.92936189779,13865.711382204696,3.90977446255995,10413.748983375826,1316.7739421250749,8188.617407665642,10344.92936189779,16065.711382204696,8.544419288635254
GWO,CEC2017,23,50,30,30,1000,30000,836.4802851716994,89.37365184125197,725.430317108558,824.1529549147472,1232.141019522137,2.9203294038320062,3136.480285171699,89.37365184125196,3025.430317108558,3124.152954914747,3532.141019522137,8.342700958251953
GWO,CEC2017,24,50,30,30,1000,30000,909.7101260902236,100.41717296494588,720.9892191349427,890.8892837630351,1159.888133815458,2.956381089342861,3309.710126090224,100.41717296494588,3120.9892191349427,3290.889283763035,3559.888133815458,6.247111797332764
GWO,CEC2017,25,50,30,30,1000,30000,1871.3073761765063,524.6606759254404,1015.173225690372,1828.5369810060904,3738.713291721804,3.256520919671691,4371.307376176507,524.6606759254404,3515.173225690372,4328.53698100609,6238.713291721804,5.305800676345825
GWO,CEC2017,26,50,30,30,1000,30000,5336.073777370306,797.5737697500892,3881.681184903251,5297.661608982318,6914.255389478207,3.722325986395359,7936.073777370306,797.5737697500892,6481.681184903251,7897.661608982318,9514.255389478209,10.518450736999512
GWO,CEC2017,27,50,30,30,1000,30000,1137.635037446231,144.72754088064997,889.1975347812017,1091.1901660318144,1439.4673939539225,3.052555707774187,3837.635037446232,144.72754088064994,3589.1975347812017,3791.1901660318144,4139.4673939539225,9.294098138809204
GWO,CEC2017,28,50,30,30,1000,30000,2409.5659860760616,565.5308956676162,1314.4544184036931,2421.04272979182,3800.2136620937126,3.3691945775503425,5209.565986076061,565.5308956676162,4114.454418403693,5221.04272979182,6600.213662093713,7.606012344360352
GWO,CEC2017,29,50,30,30,1000,30000,2419.774926781941,359.794916300324,1571.1575074392204,2492.2605008269734,3023.809596757608,3.3784853739652747,5319.774926781943,359.794916300324,4471.15750743922,5392.260500826973,5923.809596757608,8.296129941940308
GWO,CEC2017,30,50,30,30,1000,30000,672257343.5098877,1117350131.19974,167997747.20500794,440587861.9061737,6525494864.431724,8.660396251156381,672260343.5098877,1117350131.19974,168000747.20500794,440590861.9061737,6525497864.431724,10.781265497207642
WOA,CEC2017,1,30,30,30,1000,30000,342067884700.68494,79148055473.30531,186579990485.53867,328111719033.15,531829626378.2534,11.5225924316201,342067884800.68494,79148055473.30531,186579990585.53867,328111719133.15,531829626478.2534,0.7925074100494385
WOA,CEC2017,3,30,30,30,1000,30000,214365.676893593,83242.35564865732,89419.7496618794,208363.5337952288,402554.6229557987,5.296108620918678,214665.676893593,83242.35564865732,89719.7496618794,208663.5337952288,402854.6229557987,0.8278279304504395
WOA,CEC2017,4,30,30,30,1000,30000,7970.2725998864125,2192.409598024359,4401.505524135923,7550.629207391024,13910.104538046053,3.885636435458627,8370.272599886412,2192.409598024359,4801.505524135923,7950.629207391024,14310.104538046053,0.9137027263641356
WOA,CEC2017,5,30,30,30,1000,30000,389.99295537355135,39.45940877302618,309.0702101584635,390.765939872608,493.6087684354859,2.588812939740564,889.9929553735516,39.45940877302618,809.0702101584635,890.765939872608,993.608768435486,1.2785325050354004
WOA,CEC2017,6,30,30,30,1000,30000,105.5871722495494,12.99932627698051,80.89523716014867,105.57078879428748,142.6702865063991,2.0203504483104444,705.5871722495493,12.999326276980511,680.8952371601487,705.5707887942874,742.6702865063991,1.4904553890228271
WOA,CEC2017,7,30,30,30,1000,30000,716.2022282463757,59.058907689730965,589.6614864279736,722.4965651417658,813.053400534252,2.853532275241759,1416.202228246376,59.058907689730965,1289.6614864279736,1422.4965651417658,1513.053400534252,1.458583116531372
WOA,CEC2017,8,30,30,30,1000,30000,323.85580141687626,42.12598666981471,246.4203200433301,336.25515432470013,398.18105235502367,2.506535331330724,1123.8558014168764,42.12598666981472,1046.42032004333,1136.2551543247,1198.1810523550237,1.3845641613006592
WOA,CEC2017,9,30,30,30,1000,30000,9729.899018248476,2050.9415144460904,6112.287945211518,10024.125739935476,15159.292225524488,3.9782490019410015,10629.899018248476,2050.9415144460904,7012.287945211518,10924.125739935476,16059.292225524488,1.561284065246582
WOA,CEC2017,10,30,30,30,1000,30000,7354.722704714758,480.6529033710434,6301.495350451485,7343.25664961457,8452.899008561813,3.8656425382267616,8354.722704714757,480.65290337104346,7301.495350451485,8343.25664961457,9452.899008561812,2.9966835975646973
WOA,CEC2017,11,30,30,30,1000,30000,10412.811679699204,2220.322854469464,5639.422914942081,10104.351869107664,15960.959405195024,4.007522298198575,11512.811679699204,2220.322854469464,6739.422914942081,11204.351869107664,17060.959405195023,1.4076449871063232
WOA,CEC2017,12,30,30,30,1000,30000,31155958752.053623,20281055639.55304,8806016240.987154,25275908061.11288,91067547481.97067,10.415468039063166,31155959952.053623,20281055639.55304,8806017440.987154,25275909261.11288,91067548681.97067,1.7559120655059814
WOA,CEC2017,13,30,30,30,1000,30000,6994518160.107524,5396577486.55555,381599241.0259581,6273329002.73377,26483315356.43948,9.661190170496702,6994519460.107524,5396577486.55555,381600541.0259581,6273330302.73377,26483316656.43948,1.499006271362305
WOA,CEC2017,14,30,30,30,1000,30000,4074745.690557757,5276552.473218048,35947.13580146822,2802242.8283212674,22534738.482944112,6.210755684103322,4076145.690557757,5276552.473218048,37347.13580146822,2803642.8283212674,22536138.482944112,1.6368227005004885
WOA,CEC2017,15,30,30,30,1000,30000,2558545903.4497323,3484262244.443819,2377498.702681664,1535246217.709834,13474680016.824997,8.899333413835725,2558547403.4497323,3484262244.443819,2378998.702681664,1535247717.709834,13474681516.824997,1.344407558441162
WOA,CEC2017,16,30,30,30,1000,30000,3417.848236032299,947.8208866752996,1564.459698994076,3350.8212943988906,6126.11099696211,3.516978419349245,5017.8482360323,947.8208866752998,3164.459698994076,4950.821294398891,7726.11099696211,1.9211227893829343
WOA,CEC2017,17,30,30,30,1000,30000,1467.9891742434654,440.8335450036558,868.4978506647594,1363.489075004528,2482.763109772637,3.148377189363285,3167.9891742434647,440.8335450036558,2568.4978506647594,3063.489075004528,4182.763109772637,2.524057388305664
WOA,CEC2017,18,30,30,30,1000,30000,45419481.28892454,58251533.81394888,1766592.441184331,22364110.698249,232561759.0124055,7.322858630674045,45421281.28892454,58251533.81394888,1768392.441184331,22365910.698249,232563559.0124055,1.4541332721710205
WOA,CEC2017,19,30,30,30,1000,30000,2428238099.918962,2783630564.786545,192399526.0420544,1295066849.0215726,11379132581.17727,9.144733097360028,2428239999.918962,2783630564.786545,192401426.0420544,1295068749.0215726,11379134481.17727,4.674060106277466
WOA,CEC2017,20,30,30,30,1000,30000,880.6814803917174,193.84517838665823,450.1159216016663,876.6307099539242,1380.382855380246,2.933640646053166,2880.681480391717,193.8451783866583,2450.1159216016663,2876.6307099539245,3380.382855380246,2.4680960178375244
WOA,CEC2017,21,30,30,30,1000,30000,594.7215338439386,59.00004798757405,484.3280414044552,596.0617280679626,724.4149514352848,2.7721696455722307,2694.721533843938,59.00004798757404,2584.3280414044552,2696.0617280679626,2824.414951435285,2.295782327651977
WOA,CEC2017,22,30,30,30,1000,30000,6743.293841130445,1407.433785051966,2014.7474281361483,7193.002226781546,8813.033488946741,3.815103022920953,8943.293841130446,1407.433785051966,4214.747428136148,9393.002226781546,11013.03348894674,5.067240953445435
WOA,CEC2017,23,30,30,30,1000,30000,1042.4799326952648,139.93363411206505,776.3044513064606,1022.8223150068724,1407.672926019743,3.0142120306804783,3342.479932695265,139.93363411206505,3076.3044513064606,3322.8223150068725,3707.672926019743,5.026758193969727
WOA,CEC2017,24,30,30,30,1000,30000,1158.360045625175,134.00774829883173,868.3625886296759,1137.738221671652,1403.496499795829,3.0608898139266407,3558.3600456251747,134.0077482988317,3268.362588629676,3537.7382216716524,3803.496499795829,3.894155979156494
WOA,CEC2017,25,30,30,30,1000,30000,1604.406531545084,263.11041990375594,1096.368628865136,1570.0103351460866,2196.4154936885952,3.1994496782403945,4104.406531545083,263.11041990375594,3596.368628865136,4070.010335146087,4696.415493688595,3.29479455947876
WOA,CEC2017,26,30,30,30,1000,30000,7744.936634318402,1355.8548284265212,5185.189362470279,7349.870372520758,11548.96832909636,3.8825950331896455,10344.936634318405,1355.8548284265212,7785.189362470279,9949.870372520758,14148.96832909636,6.347170829772949
WOA,CEC2017,27,30,30,30,1000,30000,1146.1170468398452,469.82486940084334,707.6521315932705,980.4046480073443,2935.2599044969197,3.0308514604581958,3846.117046839845,469.82486940084334,3407.6521315932705,3680.404648007344,5635.259904496919,5.638853788375855
WOA,CEC2017,28,30,30,30,1000,30000,2899.895504685183,526.8674267672642,1693.368439304394,2850.368805579817,4014.867275062975,3.454876695766513,5699.895504685183,526.8674267672642,4493.368439304394,5650.3688055798175,6814.867275062975,4.665003538131714
WOA,CEC2017,29,30,30,30,1000,30000,3686.929510272247,912.3428152742988,2216.367026830935,3666.64808396941,5681.565293614734,3.5527877209428342,6586.929510272248,912.3428152742988,5116.367026830935,6566.64808396941,8581.565293614734,4.623392343521118
WOA,CEC2017,30,30,30,30,1000,30000,1146370119.1769948,1174018694.5900066,43293200.41780947,896355424.1697614,6027259762.487922,8.840788287615815,1146373119.1769948,1174018694.5900066,43296200.41780947,896358424.1697614,6027262762.487922,6.31173586845398
WOA,CEC2017,1,50,30,30,1000,30000,874743554249.0198,84693842331.89552,694088963129.7952,890655570066.1526,1071749936765.2402,11.939789158581268,874743554349.0198,84693842331.89552,694088963229.7952,890655570166.1526,1071749936865.2402,1.0026156902313232
WOA,CEC2017,3,50,30,30,1000,30000,310448.2524936321,89297.5071008917,159996.2931530148,312894.5438125566,509879.69997636304,5.47417944153185,310748.2524936321,89297.5071008917,160296.2931530148,313194.5438125566,510179.69997636304,1.060150384902954
WOA,CEC2017,4,50,30,30,1000,30000,24117.02569382219,5671.480340585374,14420.28057892348,22811.338205472814,35691.984429897035,4.370526326330366,24517.02569382219,5671.480340585374,14820.28057892348,23211.338205472814,36091.98442989704,1.2215540409088137
WOA,CEC2017,5,50,30,30,1000,30000,686.6591679759543,49.98152740573724,595.114507097908,679.8626359461329,823.8364477721329,2.8356150562650915,1186.6591679759542,49.98152740573724,1095.114507097908,1179.8626359461327,1323.836447772133,1.758315086364746
WOA,CEC2017,6,50,30,30,1000,30000,135.7933975796303,9.235496025890232,115.36183017528992,136.37088762953977,155.80488864139306,2.131872156460809,735.7933975796303,9.235496025890232,715.3618301752899,736.3708876295398,755.8048886413931,2.11709976196289
WOA,CEC2017,7,50,30,30,1000,30000,1336.3980801053465,65.93827581588299,1148.0512372588305,1335.96782138473,1472.76026618584,3.1253953069864235,2036.3980801053465,65.93827581588299,1848.0512372588305,2035.96782138473,2172.76026618584,1.999030828475952
WOA,CEC2017,8,50,30,30,1000,30000,666.3038569939173,39.60494940127034,588.0281775208041,665.4221364695309,740.2146189519867,2.822905162531129,1466.3038569939172,39.60494940127034,1388.028177520804,1465.4221364695309,1540.2146189519867,1.9705607891082764
WOA,CEC2017,9,50,30,30,1000,30000,36554.75862863594,5195.90957169587,25219.99938426836,36243.9718519965,49951.42447071589,4.558607862995958,37454.75862863594,5195.90957169587,26119.99938426836,37143.9718519965,50851.42447071589,2.0689022541046143
WOA,CEC2017,10,50,30,30,1000,30000,13564.782653234028,904.0734618141412,11250.994759797935,13868.95753455719,14804.573281417372,4.131403050119061,14564.782653234028,904.0734618141412,12250.994759797935,14868.95753455719,15804.573281417372,4.4272236824035645
WOA,CEC2017,11,50,30,30,1000,30000,18581.665844180912,4292.545695320889,7492.47864494944,18149.74338161898,26159.099854944285,4.255815282619203,19681.66584418091,4292.545695320889,8592.47864494944,19249.74338161898,27259.099854944285,1.7770237922668457
WOA,CEC2017,12,50,30,30,1000,30000,330247321974.35706,126756336975.23283,125509902995.1005,297726644020.6918,641505704813.6764,11.486452732378696,330247323174.35706,126756336975.23283,125509904195.1005,297726645220.6918,641505706013.6764,2.429571390151977
WOA,CEC2017,13,50,30,30,1000,30000,108148653375.58904,57884845058.725815,15015370550.33009,103702758026.31596,289095638804.0417,10.959527298706297,108148654675.58904,57884845058.725815,15015371850.33009,103702759326.31596,289095640104.0417,1.8660969734191892
WOA,CEC2017,14,50,30,30,1000,30000,28703015.655918226,55184685.2428624,1829208.2636130257,12258346.718041586,289309285.0013875,7.139259002137909,28704415.655918226,55184685.2428624,1830608.2636130257,12259746.718041586,289310685.0013875,2.17264461517334
WOA,CEC2017,15,50,30,30,1000,30000,22584326004.201004,14306737184.941996,1553034398.610489,24903178132.97797,55820086884.76913,10.227182713625153,22584327504.201004,14306737184.941996,1553035898.610489,24903179632.97797,55820088384.76913,1.7024309635162354
WOA,CEC2017,16,50,30,30,1000,30000,6277.719907144497,1592.9439380181384,3995.697088297509,6015.396153316975,10960.191906846992,3.784697864845389,7877.719907144497,1592.9439380181384,5595.697088297509,7615.396153316975,12560.191906846992,2.618364095687866
WOA,CEC2017,17,50,30,30,1000,30000,5860.154792258264,3641.112636989693,2801.73586706536,4747.887071984327,21384.57322806701,3.712371869192233,7560.154792258264,3641.112636989693,4501.735867065359,6447.887071984327,23084.57322806701,3.6698694229125977
WOA,CEC2017,18,50,30,30,1000,30000,106938250.42224778,80725147.92172758,6301692.482078244,84884386.60779858,306086011.1502895,7.882327322043403,106940050.42224778,80725147.92172758,6303492.482078244,84886186.60779858,306087811.1502895,1.7975459098815918
WOA,CEC2017,19,50,30,30,1000,30000,9876052416.101503,7452745472.759787,405322121.8606113,7355619314.636084,28535439867.45035,9.859324300561106,9876054316.101503,7452745472.759787,405324021.8606113,7355621214.636084,28535441767.45035,7.141786813735962
WOA,CEC2017,20,50,30,30,1000,30000,2091.095447312739,310.6872111209892,1376.98059287491,2112.370872352703,2619.128001780989,3.315126325876824,4091.095447312739,310.6872111209892,3376.98059287491,4112.370872352703,4619.1280017809895,3.7518579959869385
WOA,CEC2017,21,50,30,30,1000,30000,1039.6179882040933,99.47445499517131,778.3435055415721,1059.3857078585306,1178.8450583733174,3.014739138582365,3139.6179882040938,99.47445499517134,2878.343505541572,3159.3857078585306,3278.845058373317,3.151160717010498
WOA,CEC2017,22,50,30,30,1000,30000,13538.45600769841,880.5089680898521,11544.549889387545,13700.274045106631,15329.87633004053,4.130633718284727,15738.45600769841,880.5089680898521,13744.549889387545,15900.274045106631,17529.87633004053,7.776226282119751
WOA,CEC2017,23,50,30,30,1000,30000,1921.859684757817,252.96782958905305,1472.4158743986711,1919.9545394850647,2423.95049837866,3.279849575936465,4221.859684757817,252.96782958905305,3772.4158743986713,4219.954539485065,4723.95049837866,7.741073846817017
WOA,CEC2017,24,50,30,30,1000,30000,2037.7197421290543,292.7325202480407,1524.783756478525,1971.760019197793,2649.0328297097176,3.304751253016792,4437.719742129053,292.7325202480407,3924.783756478525,4371.760019197793,5049.032829709718,5.700104713439941
WOA,CEC2017,25,50,30,30,1000,30000,9911.68167068631,1546.4497618196149,6510.64412388392,10347.472091835032,12559.73450771513,3.990280618139307,12411.681670686308,1546.4497618196149,9010.64412388392,12847.472091835032,15059.73450771513,4.7674055099487305
WOA,CEC2017,26,50,30,30,1000,30000,14256.153077475748,1010.6216874087644,10898.25581571608,14286.003722983673,15854.37790172772,4.152836737058782,16856.153077475745,1010.6216874087644,13498.25581571608,16886.003722983674,18454.37790172772,9.175811529159546
WOA,CEC2017,27,50,30,30,1000,30000,3389.059276196217,932.6797372925153,2203.6764147184917,3264.64375981877,5746.187986871357,3.51453001795215,6089.059276196217,932.6797372925153,4903.676414718491,5964.6437598187695,8446.187986871357,8.614749908447266
WOA,CEC2017,28,50,30,30,1000,30000,8133.782074849077,1076.2042133308755,6001.050018900254,8211.309157955518,10760.291097679654,3.906482784009504,10933.78207484908,1076.2042133308755,8801.050018900254,11011.309157955518,13560.291097679654,7.054121732711792
WOA,CEC2017,29,50,30,30,1000,30000,20704.002116621086,24250.270279781776,3585.360079478938,13289.836230408937,117581.72124603554,4.15106205722032,23604.002116621086,24250.270279781776,6485.360079478938,16189.836230408937,120481.72124603554,7.701682329177856
WOA,CEC2017,30,50,30,30,1000,30000,12357378280.97606,10286269476.008287,1257052983.6154766,8253309770.855144,42172956442.59552,9.933810450104062,12357381280.97606,10286269476.008287,1257055983.6154766,8253312770.855144,42172959442.59552,9.889831781387327
SCA,CEC2017,1,30,30,30,1000,30000,174790741509.6374,30708226549.29089,129443846142.65482,171781180579.0092,241991726309.11603,11.235964610533593,174790741609.6374,30708226549.29089,129443846242.65482,171781180679.0092,241991726409.11603,1.0549678802490234
SCA,CEC2017,3,30,30,30,1000,30000,64933.594911370055,10863.25899704956,47513.90378389945,63014.97516559681,90738.416478088,4.806597151804543,65233.594911370055,10863.25899704956,47813.90378389945,63314.97516559681,91038.416478088,1.0898652076721191
SCA,CEC2017,4,30,30,30,1000,30000,2053.8772487155243,568.8783471527806,1194.7351245596838,1974.5837770273224,3443.0195696384367,3.296437947578812,2453.877248715524,568.8783471527806,1594.7351245596838,2374.583777027323,3843.0195696384367,1.185577630996704
SCA,CEC2017,5,30,30,30,1000,30000,308.10304307561466,25.912527326545387,268.6899640466024,307.790201980329,377.1298088591876,2.487198618520767,808.1030430756148,25.912527326545398,768.6899640466024,807.790201980329,877.1298088591876,1.6066243648529053
SCA,CEC2017,6,30,30,30,1000,30000,76.69347570818921,8.368228824990922,60.19437020589055,78.01442633034264,93.81339414461672,1.8820962516760344,676.6934757081893,8.368228824990922,660.1943702058906,678.0144263303426,693.8133941446167,1.7847776412963867
SCA,CEC2017,7,30,30,30,1000,30000,510.89109390394754,62.8370797777539,354.9319072219762,492.2943511933756,661.4232357563646,2.705073870230512,1210.8910939039476,62.83707977775391,1054.9319072219762,1192.2943511933756,1361.4232357563646,1.78173565864563
SCA,CEC2017,8,30,30,30,1000,30000,279.33414447958705,25.57265520054673,194.4026338918516,277.72712762380854,342.84038913646054,2.4441869295075604,1079.3341444795872,25.572655200546738,994.4026338918516,1077.7271276238084,1142.8403891364603,1.7140061855316162
SCA,CEC2017,9,30,30,30,1000,30000,5929.796082748881,1156.9084884599583,3411.195350791477,6075.717012895926,8144.259065002438,3.764174126372663,6829.796082748881,1156.9084884599583,4311.195350791477,6975.717012895926,9044.259065002438,1.7187259197235107
SCA,CEC2017,10,30,30,30,1000,30000,7654.834994749788,337.3940742712513,7007.210821600895,7634.2197211232415,8287.826366123529,3.8835171643628703,8654.834994749788,337.3940742712513,8007.210821600895,8634.219721123241,9287.826366123529,3.759452342987061
SCA,CEC2017,11,30,30,30,1000,30000,2264.885841801262,741.0958699762398,1194.1671810642874,2092.292629890986,3956.5592663485495,3.3341362741361125,3364.885841801262,741.0958699762398,2294.1671810642874,3192.292629890986,5056.5592663485495,1.6396563053131104
SCA,CEC2017,12,30,30,30,1000,30000,13302319741.753193,3773026292.475766,5335580100.698853,14196211687.61,19941100038.632973,10.103683829479728,13302320941.753193,3773026292.475766,5335581300.698853,14196212887.61,19941101238.632973,2.2767040729522705
SCA,CEC2017,13,30,30,30,1000,30000,8303625607.04289,4141860496.6239166,2536981866.394026,6723304225.077789,18352664194.163586,9.86422574622019,8303626907.04289,4141860496.6239166,2536983166.394026,6723305525.077789,18352665494.163586,1.7921156883239746
SCA,CEC2017,14,30,30,30,1000,30000,573784.1515361572,553452.424060609,119186.6047524748,413541.2300727259,2973505.485141409,5.622253150564991,575184.1515361572,553452.424060609,120586.6047524748,414941.2300727259,2974905.485141409,1.913688898086548
SCA,CEC2017,15,30,30,30,1000,30000,393739691.72405785,338869072.31920165,37751749.44748388,319542138.1137063,1374484143.9566526,8.451035127404717,393741191.72405785,338869072.31920165,37753249.44748388,319543638.1137063,1374485643.9566526,1.6690561771392822
SCA,CEC2017,16,30,30,30,1000,30000,2357.967632836143,262.6009912850496,1670.7770740414858,2388.1427771324634,2739.5889999411056,3.369690768686723,3957.967632836143,262.6009912850496,3270.777074041486,3988.142777132464,4339.588999941106,2.4459214210510254
SCA,CEC2017,17,30,30,30,1000,30000,1036.2728079204865,170.88144877860177,725.9032183324543,1044.0011651556497,1410.786192479066,3.0095358994855945,2736.272807920486,170.88144877860177,2425.9032183324543,2744.0011651556497,3110.786192479066,2.940047264099121
SCA,CEC2017,18,30,30,30,1000,30000,9053258.340774368,4788628.480246111,2690723.922765689,8043024.078050945,19227372.179354027,6.891448803346282,9055058.340774368,4788628.480246111,2692523.922765689,8044824.078050945,19229172.179354027,1.6585543155670166
SCA,CEC2017,19,30,30,30,1000,30000,602364560.0534338,402029716.0451288,65406082.73577383,489196510.66024965,1589044455.0569274,8.663162227137144,602366460.0534338,402029716.0451288,65407982.73577383,489198410.66024965,1589046355.0569274,4.953871726989746
SCA,CEC2017,20,30,30,30,1000,30000,811.287797012525,153.98601055987262,497.3519696512076,803.1489636196461,1158.1567445367837,2.901000219990062,2811.2877970125246,153.98601055987262,2497.351969651208,2803.148963619646,3158.156744536784,2.891829013824463
SCA,CEC2017,21,30,30,30,1000,30000,489.2002844837023,29.03711946197249,399.4610095151616,486.99684890271806,534.1185316584879,2.6886910270233844,2589.2002844837016,29.03711946197249,2499.461009515161,2586.996848902718,2634.118531658488,2.627861261367798
SCA,CEC2017,22,30,30,30,1000,30000,7039.33204395363,2003.701246680837,1756.4346563274985,7774.956624749565,8421.94581842607,3.8130376473991783,9239.33204395363,2003.701246680837,3956.4346563274985,9974.956624749564,10621.94581842607,6.16631817817688
SCA,CEC2017,23,30,30,30,1000,30000,750.1415554694906,35.06478430372595,645.8000828301524,750.6427256266229,827.6947345489675,2.874659423897345,3050.1415554694904,35.06478430372595,2945.8000828301524,3050.642725626623,3127.6947345489675,5.981474161148071
SCA,CEC2017,24,30,30,30,1000,30000,821.1596123557208,31.01170872828828,757.655465038305,821.4794300665135,875.7420582187601,2.914117092672537,3221.1596123557206,31.01170872828828,3157.655465038305,3221.479430066513,3275.74205821876,4.316298961639404
SCA,CEC2017,25,30,30,30,1000,30000,916.0443711673472,174.34762099277194,720.6031605799435,901.4669726247064,1580.621361071137,2.955157433697913,3416.0443711673474,174.34762099277197,3220.6031605799435,3401.4669726247066,4080.621361071137,3.645367622375488
SCA,CEC2017,26,30,30,30,1000,30000,5047.344574328632,440.0625583704434,4456.247815687455,4874.308551484872,6063.9882764892245,3.701471621569715,7647.344574328631,440.0625583704433,7056.247815687455,7474.308551484872,8663.988276489225,7.349661350250244
SCA,CEC2017,27,30,30,30,1000,30000,810.777750740821,69.98235534686526,657.0015950481961,799.1819751268663,995.926111498764,2.907301602481608,3510.7777507408214,69.98235534686528,3357.001595048196,3499.1819751268663,3695.926111498764,6.585133075714111
SCA,CEC2017,28,30,30,30,1000,30000,1377.2550634295308,221.62749274766185,985.5724958158926,1362.2713549714365,1843.389009746173,3.1334766983917803,4177.255063429531,221.62749274766185,3785.5724958158926,4162.271354971436,4643.3890097461735,5.0798540115356445
SCA,CEC2017,29,30,30,30,1000,30000,2207.0584955241984,265.58113898997635,1457.4229189464531,2228.442862483678,2605.052692277368,3.3403544127466605,5107.058495524198,265.58113898997635,4357.422918946453,5128.442862483678,5505.052692277368,5.199658393859863
SCA,CEC2017,30,30,30,30,1000,30000,673785531.8337326,355554880.5450028,209715950.1299325,555227720.6832538,1443512302.3409278,8.766465895526462,673788531.8337326,355554880.5450028,209718950.1299325,555230720.6832538,1443515302.3409278,6.592169761657715
SCA,CEC2017,1,50,30,30,1000,30000,602590236624.5153,77126606762.59195,442975582153.34,591783854353.9253,777648129897.479,11.776597063085037,602590236724.5153,77126606762.59195,442975582253.34,591783854453.9253,777648129997.479,1.2707526683807373
SCA,CEC2017,3,50,30,30,1000,30000,181103.34032606552,26290.137502082667,126437.84720023828,186843.5377859425,221507.35275591735,5.253010171306813,181403.34032606552,26290.137502082667,126737.84720023828,187143.5377859425,221807.35275591735,1.3297069072723389
SCA,CEC2017,4,50,30,30,1000,30000,11879.79300902129,2754.8568170757912,5675.412749079412,11675.259719765738,17836.682752317323,4.062590172058322,12279.79300902129,2754.8568170757912,6075.412749079412,12075.259719765738,18236.682752317323,1.5074102878570557
SCA,CEC2017,5,50,30,30,1000,30000,617.7131347919741,39.94831617002536,541.8911618038878,617.9522065315705,709.6415391613846,2.789880983194548,1117.7131347919735,39.948316170025365,1041.8911618038878,1117.9522065315705,1209.6415391613846,2.170001983642578
SCA,CEC2017,6,50,30,30,1000,30000,109.6250998686359,6.940838249710896,96.77087701848222,110.2880453090038,124.59814582881428,2.03903775301604,709.625099868636,6.940838249710897,696.7708770184822,710.2880453090038,724.5981458288143,2.456543445587158
SCA,CEC2017,7,50,30,30,1000,30000,1117.5437328270264,105.1240925007761,962.7127834935231,1107.123595103636,1333.2639909936552,3.0463631104660878,1817.5437328270268,105.1240925007761,1662.7127834935231,1807.123595103636,2033.2639909936552,2.405458927154541
SCA,CEC2017,8,50,30,30,1000,30000,618.3675718312534,37.46547607723356,524.4729804506396,630.3319216851912,672.0987921238443,2.790428945064732,1418.3675718312536,37.46547607723356,1324.4729804506396,1430.3319216851912,1472.0987921238443,2.3476853370666504
SCA,CEC2017,9,50,30,30,1000,30000,30630.629513683947,5212.829556147387,21758.942422375458,29709.381278075434,43176.201826395925,4.4801405235622855,31530.629513683947,5212.829556147387,22658.942422375458,30609.381278075434,44076.201826395925,2.341040849685669
SCA,CEC2017,10,50,30,30,1000,30000,14193.810303139258,498.6233214649264,13043.02144091041,14368.83695484194,14913.978292660371,4.151825617595692,15193.810303139258,498.6233214649264,14043.02144091041,15368.83695484194,15913.978292660371,5.771456956863403
SCA,CEC2017,11,50,30,30,1000,30000,10267.833452631518,2582.0996727749525,6096.933907076768,9947.095737787662,16372.463110124314,3.997712687276089,11367.83345263152,2582.0996727749525,7196.933907076768,11047.095737787662,17472.463110124314,2.125206708908081
SCA,CEC2017,12,50,30,30,1000,30000,152659375360.4805,28723349065.36164,117836717807.64735,144290508654.59113,239937766176.43835,11.176722849025376,152659376560.4805,28723349065.36164,117836719007.64735,144290509854.59113,239937767376.43835,2.9631459712982178
SCA,CEC2017,13,50,30,30,1000,30000,63895226991.4359,22659679317.32892,34214741785.648808,61626932737.81482,131490960404.85814,10.779522680389505,63895228291.4359,22659679317.32892,34214743085.648808,61626934037.81482,131490961704.85814,2.159383535385132
SCA,CEC2017,14,50,30,30,1000,30000,7734530.811075154,4972336.284248772,1932533.4248143465,6573666.599559875,25474731.39641881,6.8153183457911295,7735930.811075154,4972336.284248772,1933933.4248143465,6575066.599559875,25476131.39641881,2.457308530807495
SCA,CEC2017,15,50,30,30,1000,30000,8320316730.288365,2961192364.067589,4204658842.9225,7914414981.479618,15347390335.741585,9.89419948844782,8320318230.288365,2961192364.067589,4204660342.9225,7914416481.479618,15347391835.741585,2.025684118270874
SCA,CEC2017,16,50,30,30,1000,30000,4470.09820434271,394.4109653579004,3691.779295086866,4481.151238002316,5146.906399519121,3.64860998231225,6070.098204342709,394.4109653579004,5291.779295086866,6081.151238002316,6746.906399519121,3.220959186553955
SCA,CEC2017,17,50,30,30,1000,30000,3278.456135238838,381.5357498811054,2476.3978032517443,3315.498477739371,4188.512030730332,3.512686461523081,4978.456135238837,381.5357498811054,4176.397803251744,5015.498477739371,5888.512030730332,4.181899785995483
SCA,CEC2017,18,50,30,30,1000,30000,33379317.300435174,18509406.58774686,11453702.186592862,28776945.003948152,88867362.42059824,7.459242296041751,33381117.300435174,18509406.58774686,11455502.186592862,28778745.003948152,88869162.42059824,2.141424655914306
SCA,CEC2017,19,50,30,30,1000,30000,5749930669.296367,2836674978.885423,1277662632.62824,5323368057.131939,16265360999.232918,9.710458559968062,5749932569.296367,2836674978.885423,1277664532.62824,5323369957.131939,16265362899.232918,7.424208879470825
SCA,CEC2017,20,50,30,30,1000,30000,2121.7090468570705,162.65147727813988,1700.2654391789888,2117.389502431203,2459.0685030237346,3.325372075277905,4121.709046857071,162.65147727813988,3700.265439178989,4117.389502431202,4459.068503023735,4.0641930103302
SCA,CEC2017,21,50,30,30,1000,30000,854.546823922286,37.54813005101524,779.8180058302696,852.0745954873291,929.3846498172024,2.931318099951947,2954.546823922286,37.54813005101524,2879.8180058302696,2952.074595487329,3029.3846498172024,3.573355197906494
SCA,CEC2017,22,50,30,30,1000,30000,14658.98393964185,428.29009270801816,13645.245950691546,14732.426064813968,15421.813607370355,4.165916764744623,16858.98393964185,428.29009270801816,15845.245950691546,16932.426064813968,17621.813607370357,9.37749171257019
SCA,CEC2017,23,50,30,30,1000,30000,1356.1356092014953,55.00689022769952,1225.4889892522033,1356.6412603101346,1469.211029200661,3.1319433767649385,3656.135609201495,55.0068902276995,3525.4889892522037,3656.6412603101344,3769.211029200661,9.186926364898682
SCA,CEC2017,24,50,30,30,1000,30000,1447.2124980119977,59.01125455551078,1290.933374857379,1453.2610735230614,1573.064988682284,3.160167160920752,3847.212498011997,59.01125455551078,3690.933374857379,3853.261073523061,3973.064988682284,6.225022554397583
SCA,CEC2017,25,50,30,30,1000,30000,6230.521920098453,1093.9100431090603,4468.868795632717,6175.401438065768,8733.629428627644,3.787850076858966,8730.521920098452,1093.9100431090606,6968.868795632717,8675.401438065768,11233.629428627644,5.244947671890259
SCA,CEC2017,26,50,30,30,1000,30000,10845.397788215532,636.4084650669059,9692.378700547475,10772.74582918269,12183.332842124068,4.034503887508026,13445.397788215532,636.4084650669059,12292.378700547475,13372.74582918269,14783.332842124068,11.485562086105348
SCA,CEC2017,27,50,30,30,1000,30000,2158.1198797502225,241.85001916962727,1611.7789202243202,2195.715143761832,2626.307039450526,3.33121361380284,4858.119879750224,241.85001916962727,4311.77892022432,4895.715143761832,5326.307039450527,10.082536697387695
SCA,CEC2017,28,50,30,30,1000,30000,5325.552155731485,713.6555297844187,3655.249681515503,5212.253620729111,7201.127213136704,3.722412058649382,8125.552155731485,713.6555297844187,6455.249681515503,8012.2536207291105,10001.127213136704,7.510632753372192
SCA,CEC2017,29,50,30,30,1000,30000,5556.372279511985,739.3671970160383,4422.703803504403,5410.943314340521,7802.894712593621,3.741116361732828,8456.372279511987,739.3671970160383,7322.703803504403,8310.943314340522,10702.89471259362,8.485669136047363
SCA,CEC2017,30,50,30,30,1000,30000,7822799841.959681,2929144311.709569,3355159590.195346,8096090671.197334,15099925570.819324,9.859951573443912,7822802841.959681,2929144311.709569,3355162590.195346,8096093671.197334,15099928570.819324,10.013808727264404
AOA,CEC2017,1,30,30,30,1000,30000,228014292340.24457,85421047526.99191,62441542636.097206,216197188440.9664,477314726901.24304,11.325631303073507,228014292440.24457,85421047526.99191,62441542736.097206,216197188540.9664,477314727001.24304,0.890125036239624
AOA,CEC2017,3,30,30,30,1000,30000,65278.143414800565,13056.153068996156,42742.91425155904,64790.85237779985,95349.6529433344,4.806034252096571,65578.14341480056,13056.153068996156,43042.91425155904,65090.85237779985,95649.6529433344,0.9351625442504884
AOA,CEC2017,4,30,30,30,1000,30000,2774.893614420605,2552.528825024711,288.84761966436145,2078.3054844537737,12097.079433605066,3.2604996422423365,3174.893614420604,2552.5288250247118,688.8476196643614,2478.3054844537737,12497.079433605066,1.0262978076934814
AOA,CEC2017,5,30,30,30,1000,30000,287.6024641287922,62.296734360129165,188.6106241162104,278.1486812788662,407.4458604414447,2.4487703006188952,787.6024641287923,62.29673436012915,688.6106241162104,778.1486812788662,907.4458604414448,1.4082214832305908
AOA,CEC2017,6,30,30,30,1000,30000,81.15171285571374,14.234790266111975,50.28027476743705,81.85244059296815,114.17513644292968,1.902266977249229,681.1517128557138,14.234790266111975,650.280274767437,681.8524405929682,714.1751364429297,1.6003310680389404
AOA,CEC2017,7,30,30,30,1000,30000,605.0300831583569,104.7871718487566,479.6521964646208,585.7938813910587,973.4205387074396,2.7759028704009885,1305.0300831583568,104.7871718487566,1179.6521964646208,1285.793881391059,1673.4205387074396,1.5800178050994873
AOA,CEC2017,8,30,30,30,1000,30000,236.86490159456127,41.487917612176425,166.13056130768837,233.30885105181585,319.7246022264353,2.3678645927946005,1036.8649015945612,41.48791761217643,966.1305613076884,1033.308851051816,1119.7246022264353,1.5079522132873535
AOA,CEC2017,9,30,30,30,1000,30000,7396.972936621929,2029.4047431628655,2257.7546954634627,7461.860769623126,12132.395393829614,3.848509628154592,8296.972936621929,2029.4047431628655,3157.7546954634627,8361.860769623127,13032.395393829614,1.5220947265625
AOA,CEC2017,10,30,30,30,1000,30000,5204.345995999271,665.0431447783373,3641.905929503188,5137.208141461024,6886.69191056254,3.7128102399046368,6204.34599599927,665.0431447783371,4641.905929503188,6137.208141461024,7886.69191056254,3.0398101806640625
AOA,CEC2017,11,30,30,30,1000,30000,3166.631083603337,1644.3626785675622,247.7476535113833,3062.599604016349,6350.285539913648,3.4064811051152346,4266.631083603337,1644.3626785675622,1347.7476535113833,4162.599604016349,7450.285539913648,1.3908183574676514
AOA,CEC2017,12,30,30,30,1000,30000,9643240582.363008,10511643621.691357,256493646.76172283,3766963724.203966,37927699601.13676,9.611434688940438,9643241782.363008,10511643621.691357,256494846.76172283,3766964924.203966,37927700801.13676,1.75350022315979
AOA,CEC2017,13,30,30,30,1000,30000,6019313644.486217,11438213055.50751,692239.6490379449,345515011.4916796,47345394868.98554,8.313989323062106,6019314944.486217,11438213055.50751,693539.6490379449,345516311.4916796,47345396168.98554,1.4450442790985107
AOA,CEC2017,14,30,30,30,1000,30000,609638.4817579201,710101.1995266398,3463.0567047714903,307412.3837648494,2328431.3701385106,5.372583921321101,611038.4817579201,710101.1995266398,4863.05670477149,308812.3837648494,2329831.3701385106,1.557413101196289
AOA,CEC2017,15,30,30,30,1000,30000,92710408.2809295,232562169.3420253,28868.30713237521,1182302.097301715,1110652408.6134026,6.404193869947827,92711908.2809295,232562169.3420253,30368.30713237521,1183802.097301715,1110653908.6134026,1.2991828918457031
AOA,CEC2017,16,30,30,30,1000,30000,1669.5605412604723,449.9635273705518,758.7826660846254,1619.235718340755,2921.158574491855,3.205934418912487,3269.5605412604723,449.9635273705518,2358.7826660846254,3219.235718340755,4521.158574491855,1.9178035259246824
AOA,CEC2017,17,30,30,30,1000,30000,913.2976149677831,821.4920430143965,279.0754660525372,731.0126408602518,4985.719062044478,2.878393517419669,2613.2976149677834,821.4920430143965,1979.0754660525367,2431.012640860252,6685.719062044478,2.491264820098877
AOA,CEC2017,18,30,30,30,1000,30000,6121181.147094546,13929823.684893424,49494.5511196529,1826424.5881117696,74781990.59381461,6.241723835795528,6122981.147094546,13929823.684893424,51294.5511196529,1828224.5881117696,74783790.59381461,1.377711534500122
AOA,CEC2017,19,30,30,30,1000,30000,138476645.61698812,421983893.2248399,305461.2168556913,8390353.558576392,1714046832.878716,7.09165437233115,138478545.61698812,421983893.2248399,307361.2168556913,8392253.558576392,1714048732.878716,4.479796648025513
AOA,CEC2017,20,30,30,30,1000,30000,771.3359527784202,207.4121474365835,370.9723222571638,823.0066835388648,1134.6579540322437,2.868822950419051,2771.33595277842,207.4121474365835,2370.972322257164,2823.0066835388648,3134.657954032244,2.396460056304932
AOA,CEC2017,21,30,30,30,1000,30000,457.01682362786,74.26207743854276,233.22786657470897,474.1845602002065,606.9957702859692,2.6529067471749457,2557.0168236278605,74.26207743854278,2333.227866574709,2574.1845602002068,2706.995770285969,2.2846269607543945
AOA,CEC2017,22,30,30,30,1000,30000,4169.866500857235,1987.3606467449808,675.9257145788283,3958.805350508744,7544.857493089325,3.5536479058964456,6369.866500857236,1987.3606467449808,2875.9257145788283,6158.805350508744,9744.857493089325,5.259460687637329
AOA,CEC2017,23,30,30,30,1000,30000,713.1092216277192,91.56005629785705,582.1005376779731,701.8900311485095,920.3893354594002,2.8497216222481123,3013.109221627719,91.56005629785705,2882.100537677973,3001.890031148509,3220.3893354594,5.127615451812744
AOA,CEC2017,24,30,30,30,1000,30000,794.9413038853179,121.84541725554712,561.1687328337439,790.5406258762855,1104.9341387401073,2.895308636127075,3194.941303885317,121.84541725554712,2961.168732833744,3190.540625876285,3504.9341387401078,3.9562759399414062
AOA,CEC2017,25,30,30,30,1000,30000,1177.9742047403895,365.2714048702335,561.7914814465676,1152.944708813127,1980.028938685736,3.049206744976064,3677.974204740391,365.2714048702335,3061.791481446568,3652.944708813127,4480.028938685736,3.331927537918091
AOA,CEC2017,26,30,30,30,1000,30000,5033.194252255324,1415.29713413053,1937.6338060402456,5334.913299557828,7520.94863047881,3.681586968895884,7633.194252255324,1415.29713413053,4537.633806040246,7934.9132995578275,10120.94863047881,6.530021905899048
AOA,CEC2017,27,30,30,30,1000,30000,747.9186519503997,404.34860911693,551.1159440882611,650.531773518127,2857.174818857025,2.8461197902711524,3447.9186519504,404.34860911693,3251.115944088261,3350.531773518127,5557.1748188570255,5.697555541992188
AOA,CEC2017,28,30,30,30,1000,30000,1646.4832839624376,711.2330553550248,639.2334423382254,1435.3220466738585,3518.4906223313947,3.1766828172125177,4446.483283962438,711.2330553550248,3439.2334423382254,4235.3220466738585,6318.490622331395,4.776557683944702
AOA,CEC2017,29,30,30,30,1000,30000,1693.6586209580787,439.25826997607095,902.3262239419714,1597.1274521074752,2919.540753408981,3.215283318892792,4593.658620958079,439.258269976071,3802.3262239419714,4497.127452107476,5819.540753408981,4.69273853302002
AOA,CEC2017,30,30,30,30,1000,30000,69908331.23061827,58378645.77284842,4342142.564482323,50312884.97319359,252437964.13600427,7.657791783593684,69911331.23061827,58378645.77284842,4345142.564482323,50315884.97319359,252440964.13600427,6.186721324920654
AOA,CEC2017,1,50,30,30,1000,30000,567641921758.8402,158372699864.68472,264333936452.77487,599472589527.9297,802007477650.41,11.733699105765345,567641921858.8402,158372699864.68472,264333936552.77487,599472589627.9297,802007477750.41,1.0549380779266355
AOA,CEC2017,3,50,30,30,1000,30000,156115.0523268481,30788.0112180417,99825.85156368006,151554.3856276573,239083.5006162019,5.185598797475805,156415.0523268481,30788.0112180417,100125.85156368006,151854.3856276573,239383.5006162019,1.100031852722168
AOA,CEC2017,4,50,30,30,1000,30000,7465.228586778961,3675.921712748452,3225.64342639895,6648.671188569305,19326.898612409022,3.828545747320979,7865.228586778961,3675.921712748452,3625.64342639895,7048.671188569305,19726.898612409022,1.2526676654815674
AOA,CEC2017,5,50,30,30,1000,30000,498.3184841177779,56.07667236571202,361.2819186995305,493.38863711053386,597.0884351490081,2.694648259813604,998.318484117778,56.076672365712014,861.2819186995305,993.388637110534,1097.088435149008,1.844963312149048
AOA,CEC2017,6,50,30,30,1000,30000,110.18392830355498,13.165518220613558,81.61980797000251,111.58794742460282,143.65687106429823,2.038952186304262,710.1839283035551,13.16551822061356,681.6198079700025,711.5879474246028,743.6568710642982,2.201399564743042
AOA,CEC2017,7,50,30,30,1000,30000,1166.1425241077218,163.28438519741755,819.9327508054866,1151.23914952696,1493.62597359133,3.062410103712092,1866.142524107722,163.28438519741755,1519.9327508054866,1851.23914952696,2193.62597359133,2.1213223934173584
AOA,CEC2017,8,50,30,30,1000,30000,536.422286882122,61.809898739415125,445.5010782179529,523.1028898511422,716.8334360394235,2.7267816331046983,1336.422286882122,61.80989873941512,1245.501078217953,1323.1028898511422,1516.8334360394235,2.0830562114715576
AOA,CEC2017,9,50,30,30,1000,30000,29854.78394691993,9064.82939223298,18190.91870261261,28667.043293574545,54583.3891648518,4.4564979900633865,30754.78394691993,9064.82939223298,19090.91870261261,29567.043293574545,55483.3891648518,2.083188533782959
AOA,CEC2017,10,50,30,30,1000,30000,10414.457365699052,1155.496931490488,7797.952772110841,10588.79422601224,12669.082686171949,4.014856309251005,11414.45736569905,1155.496931490488,8797.95277211084,11588.79422601224,13669.082686171949,4.448487520217896
AOA,CEC2017,11,50,30,30,1000,30000,11088.50054243951,4354.994738648798,2971.734183296464,11158.445287738625,20604.291412609567,4.005666635848296,12188.50054243951,4354.994738648798,4071.734183296464,12258.445287738625,21704.291412609567,1.758066177368164
AOA,CEC2017,12,50,30,30,1000,30000,140757105067.5436,102278828967.2933,3350027515.1891937,106148365931.2134,386731939441.4628,10.985509124996664,140757106267.5436,102278828967.2933,3350028715.1891937,106148367131.2134,386731940641.4628,2.3665664196014404
AOA,CEC2017,13,50,30,30,1000,30000,58376728375.19087,89142972949.43442,169056652.16378552,5150256797.997738,400884361370.7844,10.043858559507642,58376729675.19087,89142972949.43442,169057952.16378552,5150258097.997738,400884362670.7844,1.8221886157989504
AOA,CEC2017,14,50,30,30,1000,30000,3927508.896600351,6000622.966904224,165530.09461515985,1749682.912657037,27076581.675917458,6.273280928108751,3928908.896600351,6000622.966904224,166930.09461515985,1751082.912657037,27077981.675917458,2.079899787902832
AOA,CEC2017,15,50,30,30,1000,30000,6032538869.796292,7300562259.03751,1146616.3344533746,2062653889.584311,25362354209.641964,9.025343571932323,6032540369.796292,7300562259.03751,1148116.3344533746,2062655389.584311,25362355709.641964,1.698612928390503
AOA,CEC2017,16,50,30,30,1000,30000,3404.53490817833,771.0131391180686,1980.709616697467,3267.6228727095395,5959.293426336653,3.5221941066994837,5004.534908178331,771.0131391180686,3580.709616697467,4867.62287270954,7559.293426336653,2.6685798168182373
AOA,CEC2017,17,50,30,30,1000,30000,2966.7903151879023,1745.1885724798617,1168.8590882341828,2379.238919363332,9063.693618782048,3.4164641837033645,4666.790315187903,1745.1885724798617,2868.8590882341828,4079.238919363332,10763.693618782048,4.561643362045288
AOA,CEC2017,18,50,30,30,1000,30000,30056021.31037261,32746572.589673027,713065.4792260455,17045187.430417243,123126288.70522352,7.16719752836526,30057821.31037261,32746572.589673027,714865.4792260455,17046987.430417243,123128088.70522352,1.7741272449493408
AOA,CEC2017,19,50,30,30,1000,30000,6469767012.905257,10752348639.665665,462848.5980699279,603097174.0977305,38995197160.067085,8.579899059935942,6469768912.905257,10752348639.665665,464748.5980699279,603099074.0977305,38995199060.067085,7.206923484802246
AOA,CEC2017,20,50,30,30,1000,30000,1511.745638121834,366.1649244034065,698.7678439990668,1496.6336535728133,2319.6008033267826,3.165685880959087,3511.7456381218344,366.1649244034065,2698.767843999067,3496.6336535728133,4319.600803326783,4.324777603149414
AOA,CEC2017,21,50,30,30,1000,30000,741.2874207129215,91.11265268883504,551.8207739546374,739.5706554065459,951.8812625287192,2.86665126898139,2841.2874207129216,91.11265268883504,2651.8207739546374,2839.570655406546,3051.881262528719,3.2105648517608643
AOA,CEC2017,22,50,30,30,1000,30000,10568.83300791477,1153.9249764685655,7332.234170022759,10848.268072715578,12072.602445460185,4.021217894145472,12768.83300791477,1153.9249764685655,9532.23417002276,13048.268072715578,14272.602445460185,7.922498941421509
AOA,CEC2017,23,50,30,30,1000,30000,1203.8699301408126,167.12236969820293,848.6614965725544,1190.650327814359,1533.4106043762897,3.076348757957273,3503.8699301408124,167.12236969820296,3148.6614965725544,3490.650327814359,3833.4106043762895,8.000344514846802
AOA,CEC2017,24,50,30,30,1000,30000,1377.2403281230925,241.96930913814376,1126.1740062860054,1267.1092198923848,2176.6424508504424,3.1329438096130744,3777.240328123092,241.96930913814376,3526.1740062860054,3667.1092198923848,4576.642450850442,5.847750186920166
AOA,CEC2017,25,50,30,30,1000,30000,5126.875175258699,1565.4616596160306,2708.7576396766653,5021.719052485747,8485.78362464073,3.689057575540864,7626.875175258698,1565.4616596160306,5208.757639676665,7521.719052485747,10985.78362464073,4.910797119140625
AOA,CEC2017,26,50,30,30,1000,30000,10640.505647308524,1420.693536035438,7214.906935811752,10592.086100913864,13225.685725215746,4.0229057371139145,13240.505647308524,1420.693536035438,9814.906935811752,13192.086100913864,15825.685725215746,10.33666443824768
AOA,CEC2017,27,50,30,30,1000,30000,1624.8504919800098,376.0283741746622,1122.922730449147,1566.42655643301,3156.8518513040626,3.201401298653891,4324.850491980009,376.0283741746623,3822.922730449147,4266.42655643301,5856.851851304063,8.897504091262817
AOA,CEC2017,28,50,30,30,1000,30000,4415.459043349425,1228.5007013895188,2613.3304853985846,4295.356516113772,6635.526017869035,3.628141273669247,7215.459043349425,1228.5007013895188,5413.330485398585,7095.356516113772,9435.526017869037,7.209950685501099
AOA,CEC2017,29,50,30,30,1000,30000,4090.433662650009,1572.9172925608025,2363.0181072701826,3422.149340394525,8517.630432288639,3.5848764911505007,6990.433662650009,1572.9172925608025,5263.018107270183,6322.149340394525,11417.63043228864,7.80417799949646
AOA,CEC2017,30,50,30,30,1000,30000,6836984635.014149,15070915342.767206,98511288.38823308,886706879.7069073,62898107371.44541,9.074205254023104,6836987635.014149,15070915342.767206,98514288.38823308,886709879.7069073,62898110371.44541,10.046987771987917
EO,CEC2017,1,30,30,30,1000,30000,43942065778.07842,20861409425.38937,12018052049.225126,38355587561.0314,102625352627.40544,10.59215759244164,43942065878.07842,20861409425.38937,12018052149.225126,38355587661.0314,102625352727.40544,1.1583850383758545
EO,CEC2017,3,30,30,30,1000,30000,46790.15432683481,9123.390590715146,31890.235915925397,48725.927300443946,67764.26512644412,4.661452705683908,47090.15432683481,9123.390590715146,32190.235915925397,49025.927300443946,68064.26512644412,1.1996653079986572
EO,CEC2017,4,30,30,30,1000,30000,381.44599251278026,481.02276059983024,125.25516323015096,235.4000061063528,2840.599289374206,2.463834608714951,781.4459925127802,481.02276059983024,525.255163230151,635.4000061063527,3240.599289374206,1.2845518589019775
EO,CEC2017,5,30,30,30,1000,30000,152.98537020710876,25.74599501672625,115.09949900043046,146.7655973073188,214.1574489654687,2.1788837695663363,652.9853702071089,25.74599501672625,615.0994990004305,646.7655973073188,714.1574489654687,1.631629467010498
EO,CEC2017,6,30,30,30,1000,30000,34.0989822708915,6.772764649940457,19.821636305969943,34.654281763943175,46.26969809867285,1.5235277320136285,634.0989822708914,6.772764649940457,619.82163630597,634.6542817639431,646.2696980986728,1.8771865367889404
EO,CEC2017,7,30,30,30,1000,30000,228.5527514570519,42.280885507493885,148.13699677715385,228.046080020832,343.3648957864209,2.351551015571671,928.5527514570518,42.280885507493885,848.1369967771539,928.046080020832,1043.364895786421,1.8232014179229736
EO,CEC2017,8,30,30,30,1000,30000,127.3702340926682,21.402817405619626,89.30138236412097,126.70765790689684,172.1896361301599,2.098957074858494,927.3702340926684,21.402817405619626,889.301382364121,926.7076579068968,972.18963613016,1.7377023696899414
EO,CEC2017,9,30,30,30,1000,30000,2433.874893841157,799.9217900636943,1370.6031094990794,2224.931488226066,4312.569129830867,3.365215072059763,3333.874893841157,799.9217900636942,2270.6031094990794,3124.931488226066,5212.569129830867,1.8025436401367188
EO,CEC2017,10,30,30,30,1000,30000,3705.5485194313674,528.5177903170172,2821.680498265863,3661.932676143795,5381.391153955075,3.564634633346424,4705.548519431367,528.5177903170172,3821.680498265863,4661.932676143795,6381.391153955075,3.2683775424957275
EO,CEC2017,11,30,30,30,1000,30000,1059.4520826693365,771.3835176412808,320.12607266020586,851.1681755167392,2955.769918781109,2.914654240739277,2159.4520826693365,771.3835176412808,1420.126072660206,1951.1681755167392,4055.769918781109,1.6293880939483645
EO,CEC2017,12,30,30,30,1000,30000,886854804.7446102,766221917.9615732,44474130.245721065,632892818.5625229,3428371508.8960485,8.752311564348231,886856004.7446102,766221917.9615732,44475330.245721065,632894018.5625229,3428372708.8960485,1.9634654521942136
EO,CEC2017,13,30,30,30,1000,30000,615493611.8303066,1488691899.5727916,27749.05731077812,99979.5235407008,6896252699.564486,5.853561643175101,615494911.8303066,1488691899.5727916,29049.05731077812,101279.5235407008,6896253999.564486,1.7103374004364014
EO,CEC2017,14,30,30,30,1000,30000,611460.094230127,961570.7343824484,7219.480639678601,320099.6688268818,4338533.419703811,5.384550003595554,612860.094230127,961570.7343824484,8619.4806396786,321499.6688268818,4339933.419703811,1.8445141315460205
EO,CEC2017,15,30,30,30,1000,30000,3052315.6202056464,5539235.197285366,11333.813792013423,55900.90375987523,18577226.43629909,5.289361883494069,3053815.6202056464,5539235.197285366,12833.813792013423,57400.90375987523,18578726.43629909,1.6094110012054443
EO,CEC2017,16,30,30,30,1000,30000,1038.8862177401486,264.62583572708365,497.5866658225896,1095.2886836182536,1524.9689005578457,3.0013605314530736,2638.8862177401484,264.62583572708365,2097.5866658225896,2695.2886836182533,3124.9689005578457,2.236201763153076
EO,CEC2017,17,30,30,30,1000,30000,476.6422097255372,218.12327696742884,120.94635412222306,456.1292860900583,998.7468027227474,2.627342184234168,2176.642209725537,218.12327696742884,1820.946354122223,2156.1292860900585,2698.746802722748,2.7361888885498047
EO,CEC2017,18,30,30,30,1000,30000,1792536.1162065451,2301823.011568116,46116.92922047504,770039.3719091238,9367258.527994778,5.888187934193332,1794336.1162065451,2301823.011568116,47916.92922047504,771839.3719091238,9369058.527994778,1.6802518367767334
EO,CEC2017,19,30,30,30,1000,30000,1836823.738382443,2172359.2307873126,40356.74774292434,1287860.515930721,11596719.63652215,6.016628261512886,1838723.738382443,2172359.2307873126,42256.74774292434,1289760.515930721,11598619.63652215,4.86412787437439
EO,CEC2017,20,30,30,30,1000,30000,518.8453766628842,178.54422616584804,243.3336724770984,497.1352662423701,942.1873069531634,2.6881747585337967,2518.845376662884,178.54422616584804,2243.3336724770984,2497.13526624237,2942.1873069531634,2.6976797580718994
EO,CEC2017,21,30,30,30,1000,30000,325.3786110083412,26.30881027947296,283.3171164357682,322.4155428274303,410.8372757474972,2.5110212301094146,2425.378611008341,26.308810279472954,2383.317116435768,2422.4155428274303,2510.837275747497,2.531167268753052
EO,CEC2017,22,30,30,30,1000,30000,3368.5575801874293,1352.8824392029323,363.9409809386975,3846.376916790594,4974.536504740707,3.443666621868369,5568.557580187431,1352.8824392029323,2563.940980938697,6046.376916790594,7174.536504740707,5.515878915786743
EO,CEC2017,23,30,30,30,1000,30000,524.7011929190647,32.03305472009761,470.7092200237971,525.5810878450743,596.2130244937252,2.7191033749178075,2824.701192919065,32.03305472009761,2770.709220023797,2825.5810878450743,2896.213024493725,5.377098083496094
EO,CEC2017,24,30,30,30,1000,30000,585.605841011781,35.27048326440265,500.1129133496916,585.4155333440299,648.7520596494746,2.7667965199518605,2985.6058410117816,35.27048326440265,2900.112913349692,2985.41553334403,3048.752059649474,4.239991903305054
EO,CEC2017,25,30,30,30,1000,30000,549.7990115482539,67.18270279935021,448.7432797701499,557.9240494238572,805.7849715153088,2.7372090216393445,3049.7990115482544,67.18270279935021,2948.74327977015,3057.924049423857,3305.784971515309,3.630104303359986
EO,CEC2017,26,30,30,30,1000,30000,2722.7548038828804,530.1532033254509,1840.109769481668,2652.2782400273136,3940.6240304990806,3.426759002338489,5322.754803882881,530.1532033254509,4440.109769481668,5252.278240027314,6540.624030499081,6.704465627670288
EO,CEC2017,27,30,30,30,1000,30000,578.168341361716,33.15914270024652,530.4464793608549,569.6914180997312,643.6849674168898,2.761346582685845,3278.168341361716,33.15914270024652,3230.446479360855,3269.691418099731,3343.68496741689,5.981769800186157
EO,CEC2017,28,30,30,30,1000,30000,733.3999167892097,168.54990898839685,519.1241962901522,713.4000740046672,1341.8355835056009,2.855412432055004,3533.3999167892093,168.54990898839685,3319.124196290152,3513.400074004667,4141.835583505601,5.007272481918335
EO,CEC2017,29,30,30,30,1000,30000,1057.6597259961538,231.7479374571301,698.6778431439329,1067.888902073664,1643.7058329092542,3.014201871862177,3957.6597259961536,231.7479374571301,3598.677843143933,3967.888902073664,4543.705832909254,4.941514730453491
EO,CEC2017,30,30,30,30,1000,30000,21003266.43732057,20760744.085119717,1217561.6061511852,10591701.649684954,77043452.5663109,7.11109587901936,21006266.43732057,20760744.085119717,1220561.6061511852,10594701.649684954,77046452.5663109,6.59990119934082
EO,CEC2017,1,50,30,30,1000,30000,206579329131.7027,54815352121.86473,123066950221.78528,203549890217.6057,332276070784.95105,11.29968187673444,206579329231.7027,54815352121.86473,123066950321.78528,203549890317.6057,332276070884.95105,1.327970027923584
EO,CEC2017,3,50,30,30,1000,30000,115536.87858112692,17095.09494983107,91913.66652911692,111247.12183050056,148982.8947018847,5.058023419848981,115836.87858112692,17095.09494983107,92213.66652911692,111547.12183050056,149282.8947018847,1.3734498023986816
EO,CEC2017,4,50,30,30,1000,30000,2072.3169265995307,630.331007510927,1164.1023175262287,2049.7666076476157,3612.878568977799,3.2962019338844204,2472.3169265995302,630.3310075109271,1564.1023175262287,2449.7666076476157,4012.878568977799,1.558692216873169
EO,CEC2017,5,50,30,30,1000,30000,320.307776873907,48.78483188865628,218.82281866726407,329.8407786389589,432.7759008371106,2.5003282271489686,820.3077768739071,48.784831888656285,718.8228186672641,829.8407786389589,932.7759008371106,2.105976104736328
EO,CEC2017,6,50,30,30,1000,30000,59.25349946079177,9.569580984676657,42.318568678206816,58.8719791544678,80.71592988497503,1.7670058333738734,659.2534994607918,9.569580984676657,642.3185686782068,658.8719791544678,680.715929884975,2.507920503616333
EO,CEC2017,7,50,30,30,1000,30000,606.1554043212569,93.0890042832507,410.76605607349575,599.8537462460943,797.0445681342744,2.777382951657447,1306.1554043212568,93.0890042832507,1110.7660560734955,1299.8537462460945,1497.0445681342744,2.4027724266052246
EO,CEC2017,8,50,30,30,1000,30000,344.1862414992155,40.46635902103885,277.07968569423565,347.0095203104735,431.2123770648218,2.5337863136725525,1144.186241499215,40.46635902103885,1077.0796856942356,1147.0095203104734,1231.2123770648218,2.328848123550415
EO,CEC2017,9,50,30,30,1000,30000,10741.25212218879,3113.775758648499,6354.949344802205,9864.552114531343,17998.165617498275,4.013970227153594,11641.252122188786,3113.775758648499,7254.949344802205,10764.552114531343,18898.165617498275,2.39685606956482
EO,CEC2017,10,50,30,30,1000,30000,7175.381052850443,745.0793635767346,6042.218219401897,6995.161688519257,9552.100279984204,3.853632348634848,8175.381052850443,745.0793635767346,7042.218219401897,7995.161688519257,10552.100279984204,4.820688009262085
EO,CEC2017,11,50,30,30,1000,30000,4698.619536001076,2072.272368579282,1503.0285374729856,4252.935978096324,8793.71054609414,3.624341382846899,5798.619536001076,2072.272368579282,2603.0285374729856,5352.935978096324,9893.71054609414,2.0330305099487305
EO,CEC2017,12,50,30,30,1000,30000,24058968899.51819,18100208246.871628,706211948.182794,23400168670.968853,57669908123.49103,10.163087112814535,24058970099.51819,18100208246.871628,706213148.182794,23400169870.968853,57669909323.49103,2.6163365840911865
EO,CEC2017,13,50,30,30,1000,30000,1973248205.9818609,2412825282.293793,851771.2875092255,1225645832.3086448,10074484437.090834,8.63076696242074,1973249505.9818609,2412825282.293793,853071.2875092255,1225647132.3086448,10074485737.090834,2.134895086288452
EO,CEC2017,14,50,30,30,1000,30000,1062051.4328267768,996523.2542729876,58377.51172125501,614075.1605854094,3880833.433488193,5.856135688683235,1063451.4328267768,996523.2542729876,59777.51172125501,615475.1605854094,3882233.433488193,2.386892795562744
EO,CEC2017,15,50,30,30,1000,30000,46212908.43675395,129774620.10349248,31006.96045171976,55659.80363310885,676233395.240015,5.646104771687465,46214408.43675395,129774620.10349248,32506.96045171976,57159.80363310885,676234895.240015,1.9700543880462649
EO,CEC2017,16,50,30,30,1000,30000,1994.378000604288,452.64831569899104,1296.096736858488,1903.1420536529988,2978.7579650073567,3.28886693149717,3594.378000604288,452.64831569899104,2896.096736858488,3503.1420536529986,4578.757965007357,2.915440320968628
EO,CEC2017,17,50,30,30,1000,30000,1323.4741552194675,355.49571027460377,618.3970368880446,1285.915976171499,2021.458820726224,3.104893619852892,3023.474155219468,355.4957102746038,2318.397036888045,2985.915976171499,3721.458820726224,4.038705587387085
EO,CEC2017,18,50,30,30,1000,30000,7884015.232792063,9412438.130346084,535168.7697191277,3770228.007630974,37287768.37591463,6.644271693793565,7885815.232792063,9412438.130346084,536968.7697191277,3772028.007630974,37289568.37591463,2.083343982696533
EO,CEC2017,19,50,30,30,1000,30000,95311698.97512816,197664738.51991037,99872.99070670916,4584330.808057019,980973007.6485636,6.904724877207645,95313598.97512816,197664738.51991037,101772.99070670916,4586230.808057019,980974907.6485636,7.31889533996582
EO,CEC2017,20,50,30,30,1000,30000,1021.5842063134444,274.6346213642615,590.6900295947944,948.7986034141184,1548.510169013397,2.993210560202632,3021.584206313444,274.6346213642615,2590.6900295947944,2948.7986034141186,3548.510169013397,3.867969274520874
EO,CEC2017,21,50,30,30,1000,30000,518.0485982818876,38.83871065094526,453.2571763911192,516.0832602008632,615.5007274623995,2.71316959483368,2618.048598281888,38.838710650945245,2553.257176391119,2616.083260200863,2715.5007274623995,3.455904245376587
EO,CEC2017,22,50,30,30,1000,30000,8164.842108518105,918.0350119854236,5961.51890299941,8334.247050860406,9923.095442470109,3.9090819349021055,10364.842108518107,918.0350119854236,8161.51890299941,10534.247050860406,12123.095442470109,8.320419073104858
EO,CEC2017,23,50,30,30,1000,30000,844.1006399086493,57.58427774747325,714.980423270023,839.8459717409969,988.6822535976185,2.925383949289842,3144.1006399086496,57.58427774747325,3014.980423270023,3139.845971740997,3288.6822535976185,8.284991025924683
EO,CEC2017,24,50,30,30,1000,30000,886.3327353896414,64.08140794976039,746.2328844536769,886.7800111198328,1054.8738368886525,2.9464566878717617,3286.3327353896407,64.08140794976038,3146.232884453677,3286.780011119833,3454.8738368886525,6.152968883514404
EO,CEC2017,25,50,30,30,1000,30000,2265.265107656713,652.3535310853299,1297.188384946754,2206.1740860851505,3624.861040802172,3.3379676742415767,4765.265107656714,652.3535310853299,3797.188384946754,4706.174086085151,6124.861040802172,5.170104265213013
EO,CEC2017,26,50,30,30,1000,30000,6010.0515906243,954.0468883922132,4163.787029042964,5887.294424347817,8007.531119144221,3.773274509281749,8610.0515906243,954.0468883922132,6763.787029042964,8487.294424347816,10607.531119144222,10.34212565422058
EO,CEC2017,27,50,30,30,1000,30000,1130.0827380900896,126.8445608119727,853.859086739355,1122.6672410696333,1414.278633954582,3.050342726517976,3830.082738090089,126.84456081197273,3553.859086739355,3822.667241069633,4114.278633954582,9.184531927108765
EO,CEC2017,28,50,30,30,1000,30000,2409.199416165066,530.6509056802914,1507.7659200443925,2284.7909646994813,4068.808803378898,3.372455372528509,5209.199416165066,530.6509056802914,4307.765920044392,5084.790964699481,6868.808803378898,7.546468496322632
EO,CEC2017,29,50,30,30,1000,30000,2465.4428132318703,409.5165344601711,1558.687000379603,2428.6473748925005,3365.3548884297,3.385837022991784,5365.442813231872,409.5165344601711,4458.687000379603,5328.6473748925,6265.3548884297,7.58954644203186
EO,CEC2017,30,50,30,30,1000,30000,354823715.12676245,184826895.00441,170643361.76779652,293436359.22565806,1006365868.9365604,8.50202115143713,354826715.12676245,184826895.00441,170646361.76779652,293439359.22565806,1006368868.9365604,10.067258358001707
SVOA,CEC2017,1,30,30,30,1000,30000,2978.144178279339,2092.610259772713,129.7167548078861,2886.2963247064845,7650.973548189224,3.271785600440433,3078.144178279339,2092.610259772713,229.7167548078861,2986.2963247064845,7750.973548189224,8.915306091308594
SVOA,CEC2017,3,30,30,30,1000,30000,64088.55688923188,16878.487242623538,40873.57576423676,63129.77324813693,102157.9940005515,4.791457023298249,64388.55688923188,16878.487242623538,41173.57576423676,63429.77324813693,102457.9940005515,8.739799499511719
SVOA,CEC2017,4,30,30,30,1000,30000,113.8196222910488,15.77299566948654,73.2131693876454,118.9779550243345,148.43001772497337,2.0516380646275176,513.8196222910489,15.77299566948654,473.2131693876454,518.9779550243345,548.4300177249734,8.781235694885254
SVOA,CEC2017,5,30,30,30,1000,30000,104.0209259907382,20.386252581485195,69.1269328396371,103.50847451924648,166.5284445327609,2.00889254192058,604.0209259907381,20.386252581485195,569.1269328396371,603.5084745192464,666.5284445327609,5.299426555633545
SVOA,CEC2017,6,30,30,30,1000,30000,31.103781628654087,4.877613062401993,20.0165620934589,30.970876198141923,39.370689437661554,1.4871748927855777,631.1037816286541,4.877613062401994,620.0165620934589,630.9708761981419,639.3706894376616,4.483496189117432
SVOA,CEC2017,7,30,30,30,1000,30000,198.82640177718835,20.7205098907278,159.69637756734346,198.95920730514064,240.54506184842197,2.296098751834401,898.8264017771884,20.7205098907278,859.6963775673435,898.9592073051406,940.545061848422,9.233501434326172
SVOA,CEC2017,8,30,30,30,1000,30000,100.66139847283466,24.538561476638325,57.92163586414017,106.04543264705605,162.34101038707377,1.9888663398730897,900.6613984728348,24.538561476638325,857.9216358641402,906.045432647056,962.3410103870738,9.403478384017944
SVOA,CEC2017,9,30,30,30,1000,30000,73.95727536573382,78.86790007387987,10.913842936745027,40.31748666391678,351.97007059422185,1.6927685441193134,973.9572753657336,78.86790007387988,910.913842936745,940.3174866639168,1251.970070594222,9.423770904541016
SVOA,CEC2017,10,30,30,30,1000,30000,4268.355070015603,444.2952903480744,3318.326958754405,4290.012445386415,5219.842990406961,3.6278780775223423,5268.355070015604,444.29529034807433,4318.3269587544055,5290.012445386415,6219.842990406961,11.92452836036682
SVOA,CEC2017,11,30,30,30,1000,30000,557.9324274649272,130.40601268009905,320.53832813511394,569.2514078856916,901.6768973751708,2.734451915472917,1657.932427464927,130.40601268009905,1420.538328135114,1669.2514078856916,2001.6768973751707,9.290750741958618
SVOA,CEC2017,12,30,30,30,1000,30000,241608843.73284623,296578989.7503076,13007123.42531159,109070250.26935956,1257537426.7498398,8.063893143350787,241610043.73284623,296578989.7503076,13008323.42531159,109071450.26935956,1257538626.7498398,9.824862718582152
SVOA,CEC2017,13,30,30,30,1000,30000,7761306.183912142,4034490.227740368,1585453.2838667696,7042194.4366957005,18885243.659434143,6.823948639491401,7762606.183912142,4034490.227740368,1586753.2838667696,7043494.4366957005,18886543.659434143,5.129034996032715
SVOA,CEC2017,14,30,30,30,1000,30000,30270.004517600115,24679.766649959623,899.3848491190793,20369.450259973724,92100.20069200556,4.301482225968561,31670.004517600115,24679.766649959623,2299.3848491190797,21769.450259973724,93500.20069200556,4.5197060108184814
SVOA,CEC2017,15,30,30,30,1000,30000,359039.53192723304,349253.90400270524,42725.74214416984,200956.4686067392,1128861.949420058,5.353712364547741,360539.531927233,349253.90400270524,44225.74214416984,202456.4686067392,1130361.949420058,9.15483546257019
SVOA,CEC2017,16,30,30,30,1000,30000,1083.196508925204,232.5199404409948,716.4384432203715,1096.8639034820717,1760.6467849010796,3.024799904700011,2683.196508925204,232.5199404409948,2316.4384432203715,2696.863903482072,3360.64678490108,9.81062388420105
SVOA,CEC2017,17,30,30,30,1000,30000,470.4570488578349,156.1559666854915,142.65900130733735,496.021721332987,750.7012630629847,2.6437683009294144,2170.4570488578347,156.1559666854915,1842.6590013073371,2196.021721332987,2450.7012630629847,10.373576879501345
SVOA,CEC2017,18,30,30,30,1000,30000,438079.9551021392,359443.976428062,54349.42862428726,311895.3984755216,1735148.7395832764,5.514976996663805,439879.9551021392,359443.976428062,56149.42862428726,313695.3984755216,1736948.7395832764,9.310139417648315
SVOA,CEC2017,19,30,30,30,1000,30000,3278980.541538565,3933132.681682324,228109.74779447835,1529047.867652824,17313701.789831746,6.254848874458963,3280880.541538565,3933132.681682324,230009.74779447835,1530947.867652824,17315601.789831746,13.08066725730896
SVOA,CEC2017,20,30,30,30,1000,30000,422.2184803111616,133.40478166890367,150.54646022136058,404.8734927887965,718.3380181868051,2.600544367187044,2422.2184803111613,133.40478166890367,2150.5464602213606,2404.8734927887963,2718.338018186805,9.60617733001709
SVOA,CEC2017,21,30,30,30,1000,30000,311.67877614324874,21.80868958259189,262.53807347830616,312.93620083742803,359.6619416820422,2.4926362175352543,2411.678776143249,21.808689582591885,2362.538073478306,2412.9362008374283,2459.661941682042,5.882507801055908
SVOA,CEC2017,22,30,30,30,1000,30000,106.62686533497998,10.506587760603445,102.224931378742,104.78040775532418,162.6238752643858,2.0262603226335765,2306.62686533498,10.50658776060344,2302.224931378742,2304.780407755324,2362.623875264386,12.325138568878174
SVOA,CEC2017,23,30,30,30,1000,30000,454.2794522772328,21.89733893078585,404.2466891966192,451.6626701794216,509.9613166058484,2.6568196146444256,2754.279452277233,21.89733893078585,2704.246689196619,2751.6626701794216,2809.9613166058484,14.318586111068726
SVOA,CEC2017,24,30,30,30,1000,30000,508.4722267541516,13.734279752604795,480.926664921642,508.4501115494832,543.0116321585542,2.7061099101470147,2908.4722267541515,13.734279752604794,2880.926664921642,2908.450111549483,2943.011632158554,12.681284189224243
SVOA,CEC2017,25,30,30,30,1000,30000,424.6258544672929,17.445474736543204,390.2915695107458,426.5423040640353,458.65190236405806,2.627639203544099,2924.6258544672924,17.4454747365432,2890.291569510746,2926.5423040640358,2958.651902364058,12.233687162399292
SVOA,CEC2017,26,30,30,30,1000,30000,1688.7104819236376,723.8160275562178,200.3521701636232,2033.0842250742808,2322.1018822655697,3.1321600060045283,4288.710481923637,723.8160275562178,2800.352170163623,4633.084225074281,4922.10188226557,13.140255212783812
SVOA,CEC2017,27,30,30,30,1000,30000,559.7222695435951,12.994379666162548,533.6640301165189,557.5356144192112,581.7620632058697,2.747855628389587,3259.722269543595,12.994379666162544,3233.664030116519,3257.535614419211,3281.7620632058697,12.710388422012327
SVOA,CEC2017,28,30,30,30,1000,30000,480.7004673860698,19.28886433364474,425.2897677140904,483.6560880556604,512.5225680523608,2.681516184355841,3280.700467386069,19.28886433364474,3225.2897677140904,3283.6560880556603,3312.522568052361,13.636615991592407
SVOA,CEC2017,29,30,30,30,1000,30000,1144.1226834204283,188.14599369271187,801.1945430311343,1189.496659251398,1452.2139026187597,3.0522154387171003,4044.122683420428,188.14599369271184,3701.1945430311343,4089.496659251398,4352.21390261876,14.014402866363524
SVOA,CEC2017,30,30,30,30,1000,30000,8339027.256801737,7341961.033514436,1130759.621754681,5532964.504448642,24256584.51398641,6.740577092981583,8342027.256801737,7341961.033514436,1133759.621754681,5535964.504448642,24259584.51398641,15.268949747085571
SVOA,CEC2017,1,50,30,30,1000,30000,889376.1982806809,484222.8553658208,329386.6060013868,720473.1156247533,2524337.216262352,5.899399152557455,889476.1982806809,484222.8553658208,329486.6060013868,720573.1156247533,2524437.216262352,8.450616598129272
SVOA,CEC2017,3,50,30,30,1000,30000,179749.29985828555,29957.344628809275,129395.3049358428,173375.87105246552,248750.51741675232,5.248682701393218,180049.29985828555,29957.344628809275,129695.3049358428,173675.87105246552,249050.51741675232,3.4170169830322266
SVOA,CEC2017,4,50,30,30,1000,30000,240.34232503975744,38.63537004615002,164.10653885578097,237.74832962176447,323.2206056219568,2.375203275664296,640.3423250397575,38.63537004615002,564.106538855781,637.7483296217645,723.2206056219568,3.650922298431397
SVOA,CEC2017,5,50,30,30,1000,30000,264.9309152120434,34.97842045544423,164.73005950249126,262.7820730380065,333.31645297810314,2.419103978812336,764.9309152120434,34.97842045544423,664.7300595024913,762.7820730380065,833.3164529781031,9.543036460876465
SVOA,CEC2017,6,50,30,30,1000,30000,53.14968580970458,5.270414560662858,45.84087825716245,52.47493416846487,65.25810194765245,1.7234320829808782,653.1496858097047,5.270414560662858,645.8408782571624,652.4749341684649,665.2581019476524,9.926779985427856
SVOA,CEC2017,7,50,30,30,1000,30000,451.6670521551025,35.78449236099207,371.28656032618574,445.6670698045825,532.8243821422177,2.6534628357581225,1151.6670521551025,35.78449236099207,1071.2865603261855,1145.6670698045823,1232.8243821422177,9.931569814682009
SVOA,CEC2017,8,50,30,30,1000,30000,265.3454297871764,49.73711682639001,163.8283459929869,270.0092677387747,362.6902617369551,2.415917117380427,1065.3454297871765,49.73711682639,963.8283459929868,1070.0092677387747,1162.690261736955,9.651116609573364
SVOA,CEC2017,9,50,30,30,1000,30000,1492.513417983827,824.7981128321333,433.8425149267391,1359.4627132774112,3446.6650181308632,3.1035462587974347,2392.5134179838265,824.7981128321331,1333.842514926739,2259.4627132774112,4346.665018130863,9.962387561798096
SVOA,CEC2017,10,50,30,30,1000,30000,8338.48358126439,681.2142083392102,6922.360236830364,8143.513312942243,10087.158866191176,3.9196606335203743,9338.48358126439,681.2142083392102,7922.360236830364,9143.513312942245,11087.158866191176,13.460593700408936
SVOA,CEC2017,11,50,30,30,1000,30000,4081.629457627765,1273.9454767429795,1664.33860170791,3713.3529063998058,8080.521688212973,3.5909973414857976,5181.629457627766,1273.9454767429795,2764.33860170791,4813.352906399806,9180.521688212972,4.682441711425781
SVOA,CEC2017,12,50,30,30,1000,30000,1154178383.8769038,1127510719.6945598,154217388.7026947,562772283.5804569,3339007078.364929,8.853164402501355,1154179583.8769038,1127510719.6945598,154218588.7026947,562773483.5804569,3339008278.364929,7.356327772140503
SVOA,CEC2017,13,50,30,30,1000,30000,68256487.46645454,64813727.84430748,8999787.459608207,57468638.75279102,388240018.8821201,7.732079281405101,68257787.46645454,64813727.84430748,9001087.459608207,57469938.75279102,388241318.8821201,9.242568969726562
SVOA,CEC2017,14,50,30,30,1000,30000,415705.72223184526,266269.03070386546,81277.68808570397,361877.6276972734,1287237.0111073283,5.516698588762204,417105.72223184526,266269.03070386546,82677.68808570397,363277.6276972734,1288637.0111073283,9.40318202972412
SVOA,CEC2017,15,50,30,30,1000,30000,9185089.05557758,4517957.0584005015,810514.688708352,8689278.306812104,17492099.78474894,6.887206846601654,9186589.05557758,4517957.0584005015,812014.688708352,8690778.306812104,17493599.78474894,9.049562931060793
SVOA,CEC2017,16,50,30,30,1000,30000,2018.7302932166756,288.58764347136633,1353.076301999632,2044.1079936711897,2598.7238202025583,3.3003281013634145,3618.7302932166754,288.58764347136633,2953.076301999632,3644.107993671189,4198.723820202558,11.188096284866331
SVOA,CEC2017,17,50,30,30,1000,30000,1796.5101404837462,304.961348318362,1227.957460585235,1806.9753064460024,2459.5345839243964,3.248075414025991,3496.510140483747,304.961348318362,2927.957460585235,3506.975306446003,4159.534583924396,12.341936349868774
SVOA,CEC2017,18,50,30,30,1000,30000,3490224.068084857,2955658.1916961763,376872.5966527142,2548250.9402408656,14247704.59630388,6.394247454898855,3492024.068084857,2955658.1916961763,378672.5966527142,2550050.9402408656,14249504.59630388,7.70181393623352
SVOA,CEC2017,19,50,30,30,1000,30000,7814838.566168038,6465288.585865818,1305081.6584851237,5156987.989461558,27947734.160266694,6.765817475318546,7816738.566168038,6465288.585865818,1306981.6584851237,5158887.989461558,27949634.160266694,13.699268102645874
SVOA,CEC2017,20,50,30,30,1000,30000,1209.513056662331,260.7112511696349,653.815078438276,1206.6327027712043,1825.9779483692791,3.0720528730370424,3209.513056662331,260.7112511696349,2653.815078438276,3206.6327027712045,3825.977948369279,12.28614616394043
SVOA,CEC2017,21,50,30,30,1000,30000,469.6134134645486,33.15228827223795,391.0271081378023,472.9617170268839,569.7349720706757,2.670654406917776,2569.613413464549,33.15228827223795,2491.0271081378023,2572.961717026884,2669.734972070676,11.928154945373535
SVOA,CEC2017,22,50,30,30,1000,30000,7059.44744945565,3633.029038157816,131.38885993351823,8800.693152418868,10258.244629297924,3.581332169132309,9259.44744945565,3633.029038157816,2331.3888599335182,11000.693152418868,12458.244629297924,17.163867473602295
SVOA,CEC2017,23,50,30,30,1000,30000,717.1157844332198,30.4694193463213,668.3458614258375,711.2483507961228,781.894835950317,2.855201469283968,3017.11578443322,30.4694193463213,2968.345861425837,3011.248350796123,3081.894835950317,14.932271242141724
SVOA,CEC2017,24,50,30,30,1000,30000,737.9311775995159,38.50819649067613,679.4569035484028,731.9690332067166,818.6838312426344,2.867434043531164,3137.931177599516,38.50819649067612,3079.456903548403,3131.9690332067166,3218.6838312426344,12.92795181274414
SVOA,CEC2017,25,50,30,30,1000,30000,627.035948274142,29.302682789910808,574.3377854036044,630.5403035376046,674.2680002477127,2.796813033134696,3127.035948274142,29.30268278991081,3074.3377854036044,3130.540303537605,3174.2680002477127,14.111555576324465
SVOA,CEC2017,26,50,30,30,1000,30000,3842.852201102182,401.1399468346185,2432.088741814241,3909.543879433769,4570.056519544818,3.581982054041068,6442.852201102182,401.1399468346185,5032.088741814241,6509.543879433769,7170.056519544818,19.009912252426147
SVOA,CEC2017,27,50,30,30,1000,30000,850.8128286932248,76.13572077148899,705.7925763516873,827.8872349152655,1118.0359573722426,2.9281897258007006,3550.8128286932256,76.13572077148899,3405.792576351688,3527.8872349152653,3818.0359573722426,17.712010622024536
SVOA,CEC2017,28,50,30,30,1000,30000,615.0068706138142,45.84013247833834,551.8424019760728,608.2057578299289,741.3857129224875,2.7877236511481813,3415.0068706138145,45.84013247833833,3351.842401976073,3408.205757829929,3541.3857129224875,14.107513904571531
SVOA,CEC2017,29,50,30,30,1000,30000,2357.131070639736,355.63365086081143,1654.01713789741,2292.533523397264,2970.321685256171,3.367356602456174,5257.131070639737,355.6336508608114,4554.01713789741,5192.533523397264,5870.321685256171,17.06314182281494
SVOA,CEC2017,30,50,30,30,1000,30000,313698435.45410377,119060428.51723763,71667621.9140275,291675414.8342073,551572707.5791188,8.459165067319242,313701435.45410377,119060428.51723763,71670621.9140275,291678414.8342073,551575707.5791188,19.52122187614441
